Workbook

Sheet Йўриқнома
A1: ЙЎРИҚНОМА
A3: Варақлар:
A4: «Фуқаролар рўйхати» — асосий тўлдириладиган варақ: «Доимий ишга жойлаштирилди» йўналиши бўйича ҳар бир қатор = битта фуқаро.
A5: «Республика» — 14 та ҳудуд бўйича свод; «Туманлар кесимида» — 208 та туман (шаҳар) бўйича кенгайтирилган свод, вилоятлар бўйича оралиқ жамилар билан. Иккаласи ҳам автоматик ҳисобланади, қўлда тўлдирилмайди.
A6: «Тўлдириш намунаси» — мисол; «Рўйхатлар» — танлаш рўйхатлари (вилоят, туман, тоифа, банклар, соҳалар ва ҳ.к.).
A8: Тўлдириш қоидалари:
A9: 1. Аввал вилоят, кейин туман танланади (туман рўйхати танланган вилоятга қараб чиқади). Хатлов тоифаси ва бошқа рўйхатли устунлар фақат рўйхатдан танланади.
A10: 2. ПИНФЛ 14 та рақам, матн шаклида киритилади. Битта ПИНФЛ бу варақда бир марта ёзилади.
A11: 3. Суммалар сўмда, бўшлиқсиз сон сифатида (масалан, 50000000). Саналар КК.ОО.ЙЙЙЙ шаклида. Сводда суммалар млн сўмда, ўртача ойлик ва даромад минг сўмда кўрсатилади.
A12: 4. «Текширув» устуни: «✓» — қатор тўлиқ; бошқа ёзув нима етишмаётганини кўрсатади. Свод топширишдан олдин барча қаторлар «✓» бўлиши керак.
A13: 5. «№», «Текширув» ва ноёблик устунлари автоматик, уларга ёзилмайди.
A14: 6. Варақда 10 000 та қатор тайёрланган. Кўпроқ керак бўлса охирги қаторни формулалари билан пастга нусхалаб свод формулаларидаги диапазонни кенгайтиринг.
... A17: Корхоналар сони — ҳар бир туманда ноёб СТИРлар сони (бир корхонага бир нечта фуқаро жойлашса ҳам бир марта саналади).

Sheet Республика
A1: Аҳоли даромадини ошириш ҳамда камбағалликни қисқартириш бўйича амалга оширилаётган ишлар тўғрисида ("Омбор китоби" бўйича)
A2: «Доимий ишга жойлаштирилди» йўналиши бўйича МАЪЛУМОТ
Y3: 15.10.2026 й. ҳолатига
A4: № | B4: Ҳудуд номи | C4: Ишга жойлаштирилган фуқаролар (нафар) | D4: шундан, хатлов тоифаси бўйича (нафар) | I4: Фуқаролар ишга жойлашган корхоналар сони (бирлик) | J4: Ойлик иш ҳақи бўйича (нафар) | M4: Ўртача ойлик иш ҳақи (минг сўм) | N4: шундан | Q4: Корхоналар соҳаси бўйича (нафар)
D5: Ишсиз | E5: Тадбиркорлик ташаббуси бор | F5: Ишлайди, лекин даромади паст | G5: Норасмий бандлар | H5: Ишлаш истаги йўқ | J5: 3 млн сўмгача | K5: 3–5 млн сўм | L5: 5 млн сўмдан юқори | N5: МЧЖ/ корхона-лар | O5: Фермер хўжалиги | P5: Якка тартибдаги тадбиркор | Q5: Саноат (ишлаб чиқариш) | R5: Қурилиш | S5: Қишлоқ хўжалиги | T5: Савдо | U5: Хизмат кўрсатиш | V5: Транспорт ва логистика | W5: Ҳунармандчилик | X5: Ижтимоий соҳа (таълим, соғлиқни сақлаш) | Y5: Бошқа
A6: A | B6: Б | C6: 3 | D6: 4 | E6: 5 | F6: 6 | G6: 7 | H6: 8 | I6: 9 | J6: 10 | K6: 11 | L6: 12 | M6: 13 | Q6: 14 | R6: 15 | S6: 16 | T6: 17 | U6: 18 | V6: 19 | W6: 20 | X6: 21 | Y6: 22
A7: x | B7: Жами | C7: =#REF! -> #REF! | D7: =#REF! -> #REF! | E7: =#REF! -> #REF! | F7: =#REF! -> #REF! | G7: =#REF! -> #REF! | H7: =#REF! -> #REF! | I7: =#REF! -> #REF! | J7: =#REF! -> #REF! | ... M7: =#REF! -> #REF! | Q7: =#REF! -> #REF! | R7: =#REF! -> #REF! | S7: =#REF! -> #REF! | T7: =#REF! -> #REF! | U7: =#REF! -> #REF! | V7: =#REF! -> #REF! | W7: =#REF! -> #REF! | X7: =#REF! -> #REF! | Y7: =#REF! -> #REF!
A8: 1 | B8: Қорақалпоғистон Республикаси | C8: =#REF! -> #REF! | D8: =#REF! -> #REF! | E8: =#REF! -> #REF! | F8: =#REF! -> #REF! | G8: =#REF! -> #REF! | H8: =#REF! -> #REF! | I8: =#REF! -> #REF! | J8: =#REF! -> #REF! | ... M8: =#REF! -> #REF! | Q8: =#REF! -> #REF! | R8: =#REF! -> #REF! | S8: =#REF! -> #REF! | T8: =#REF! -> #REF! | U8: =#REF! -> #REF! | V8: =#REF! -> #REF! | W8: =#REF! -> #REF! | X8: =#REF! -> #REF! | Y8: =#REF! -> #REF!
A9: 2 | B9: Андижон вилояти | C9: =#REF! -> #REF! | D9: =#REF! -> #REF! | E9: =#REF! -> #REF! | F9: =#REF! -> #REF! | G9: =#REF! -> #REF! | H9: =#REF! -> #REF! | I9: =#REF! -> #REF! | J9: =#REF! -> #REF! | ... M9: =#REF! -> #REF! | Q9: =#REF! -> #REF! | R9: =#REF! -> #REF! | S9: =#REF! -> #REF! | T9: =#REF! -> #REF! | U9: =#REF! -> #REF! | V9: =#REF! -> #REF! | W9: =#REF! -> #REF! | X9: =#REF! -> #REF! | Y9: =#REF! -> #REF!
A10: 3 | B10: Бухоро вилояти | C10: =#REF! -> #REF! | D10: =#REF! -> #REF! | E10: =#REF! -> #REF! | F10: =#REF! -> #REF! | G10: =#REF! -> #REF! | H10: =#REF! -> #REF! | I10: =#REF! -> #REF! | J10: =#REF! -> #REF! | ... M10: =#REF! -> #REF! | Q10: =#REF! -> #REF! | R10: =#REF! -> #REF! | S10: =#REF! -> #REF! | T10: =#REF! -> #REF! | U10: =#REF! -> #REF! | V10: =#REF! -> #REF! | W10: =#REF! -> #REF! | X10: =#REF! -> #REF! | Y10: =#REF! -> #REF!
A11: 4 | B11: Жиззах вилояти | C11: =#REF! -> #REF! | D11: =#REF! -> #REF! | E11: =#REF! -> #REF! | F11: =#REF! -> #REF! | G11: =#REF! -> #REF! | H11: =#REF! -> #REF! | I11: =#REF! -> #REF! | J11: =#REF! -> #REF! | ... M11: =#REF! -> #REF! | Q11: =#REF! -> #REF! | R11: =#REF! -> #REF! | S11: =#REF! -> #REF! | T11: =#REF! -> #REF! | U11: =#REF! -> #REF! | V11: =#REF! -> #REF! | W11: =#REF! -> #REF! | X11: =#REF! -> #REF! | Y11: =#REF! -> #REF!
A12: 5 | B12: Қашқадарё вилояти | C12: =#REF! -> #REF! | D12: =#REF! -> #REF! | E12: =#REF! -> #REF! | F12: =#REF! -> #REF! | G12: =#REF! -> #REF! | H12: =#REF! -> #REF! | I12: =#REF! -> #REF! | J12: =#REF! -> #REF! | ... M12: =#REF! -> #REF! | Q12: =#REF! -> #REF! | R12: =#REF! -> #REF! | S12: =#REF! -> #REF! | T12: =#REF! -> #REF! | U12: =#REF! -> #REF! | V12: =#REF! -> #REF! | W12: =#REF! -> #REF! | X12: =#REF! -> #REF! | Y12: =#REF! -> #REF!
A13: 6 | B13: Навоий вилояти | C13: =#REF! -> #REF! | D13: =#REF! -> #REF! | E13: =#REF! -> #REF! | F13: =#REF! -> #REF! | G13: =#REF! -> #REF! | H13: =#REF! -> #REF! | I13: =#REF! -> #REF! | J13: =#REF! -> #REF! | ... M13: =#REF! -> #REF! | Q13: =#REF! -> #REF! | R13: =#REF! -> #REF! | S13: =#REF! -> #REF! | T13: =#REF! -> #REF! | U13: =#REF! -> #REF! | V13: =#REF! -> #REF! | W13: =#REF! -> #REF! | X13: =#REF! -> #REF! | Y13: =#REF! -> #REF!
A14: 7 | B14: Наманган вилояти | C14: =#REF! -> #REF! | D14: =#REF! -> #REF! | E14: =#REF! -> #REF! | F14: =#REF! -> #REF! | G14: =#REF! -> #REF! | H14: =#REF! -> #REF! | I14: =#REF! -> #REF! | J14: =#REF! -> #REF! | ... M14: =#REF! -> #REF! | Q14: =#REF! -> #REF! | R14: =#REF! -> #REF! | S14: =#REF! -> #REF! | T14: =#REF! -> #REF! | U14: =#REF! -> #REF! | V14: =#REF! -> #REF! | W14: =#REF! -> #REF! | X14: =#REF! -> #REF! | Y14: =#REF! -> #REF!
A15: 8 | B15: Самарқанд вилояти | C15: =#REF! -> #REF! | D15: =#REF! -> #REF! | E15: =#REF! -> #REF! | F15: =#REF! -> #REF! | G15: =#REF! -> #REF! | H15: =#REF! -> #REF! | I15: =#REF! -> #REF! | J15: =#REF! -> #REF! | ... M15: =#REF! -> #REF! | Q15: =#REF! -> #REF! | R15: =#REF! -> #REF! | S15: =#REF! -> #REF! | T15: =#REF! -> #REF! | U15: =#REF! -> #REF! | V15: =#REF! -> #REF! | W15: =#REF! -> #REF! | X15: =#REF! -> #REF! | Y15: =#REF! -> #REF!
A16: 9 | B16: Сурхондарё вилояти | C16: =#REF! -> #REF! | D16: =#REF! -> #REF! | E16: =#REF! -> #REF! | F16: =#REF! -> #REF! | G16: =#REF! -> #REF! | H16: =#REF! -> #REF! | I16: =#REF! -> #REF! | J16: =#REF! -> #REF! | ... M16: =#REF! -> #REF! | Q16: =#REF! -> #REF! | R16: =#REF! -> #REF! | S16: =#REF! -> #REF! | T16: =#REF! -> #REF! | U16: =#REF! -> #REF! | V16: =#REF! -> #REF! | W16: =#REF! -> #REF! | X16: =#REF! -> #REF! | Y16: =#REF! -> #REF!
A17: 10 | B17: Сирдарё вилояти | C17: =#REF! -> #REF! | D17: =#REF! -> #REF! | E17: =#REF! -> #REF! | F17: =#REF! -> #REF! | G17: =#REF! -> #REF! | H17: =#REF! -> #REF! | I17: =#REF! -> #REF! | J17: =#REF! -> #REF! | ... M17: =#REF! -> #REF! | Q17: =#REF! -> #REF! | R17: =#REF! -> #REF! | S17: =#REF! -> #REF! | T17: =#REF! -> #REF! | U17: =#REF! -> #REF! | V17: =#REF! -> #REF! | W17: =#REF! -> #REF! | X17: =#REF! -> #REF! | Y17: =#REF! -> #REF!
A18: 11 | B18: Тошкент вилояти | C18: =#REF! -> #REF! | D18: =#REF! -> #REF! | E18: =#REF! -> #REF! | F18: =#REF! -> #REF! | G18: =#REF! -> #REF! | H18: =#REF! -> #REF! | I18: =#REF! -> #REF! | J18: =#REF! -> #REF! | ... M18: =#REF! -> #REF! | Q18: =#REF! -> #REF! | R18: =#REF! -> #REF! | S18: =#REF! -> #REF! | T18: =#REF! -> #REF! | U18: =#REF! -> #REF! | V18: =#REF! -> #REF! | W18: =#REF! -> #REF! | X18: =#REF! -> #REF! | Y18: =#REF! -> #REF!
A19: 12 | B19: Фарғона вилояти | C19: =#REF! -> #REF! | D19: =#REF! -> #REF! | E19: =#REF! -> #REF! | F19: =#REF! -> #REF! | G19: =#REF! -> #REF! | H19: =#REF! -> #REF! | I19: =#REF! -> #REF! | J19: =#REF! -> #REF! | ... M19: =#REF! -> #REF! | Q19: =#REF! -> #REF! | R19: =#REF! -> #REF! | S19: =#REF! -> #REF! | T19: =#REF! -> #REF! | U19: =#REF! -> #REF! | V19: =#REF! -> #REF! | W19: =#REF! -> #REF! | X19: =#REF! -> #REF! | Y19: =#REF! -> #REF!
... A21: 14 | B21: Тошкент шаҳри | C21: =#REF! -> #REF! | D21: =#REF! -> #REF! | E21: =#REF! -> #REF! | F21: =#REF! -> #REF! | G21: =#REF! -> #REF! | H21: =#REF! -> #REF! | I21: =#REF! -> #REF! | J21: =#REF! -> #REF! | ... M21: =#REF! -> #REF! | Q21: =#REF! -> #REF! | R21: =#REF! -> #REF! | S21: =#REF! -> #REF! | T21: =#REF! -> #REF! | U21: =#REF! -> #REF! | V21: =#REF! -> #REF! | W21: =#REF! -> #REF! | X21: =#REF! -> #REF! | Y21: =#REF! -> #REF!
B25: Бандлик вазири ўринбосари: | W25: А.А. Муратов
B27: Бизнесни ривожлантириш банки АТБ раиси ўринбосари: | W27: Н.Р. Аббосов
B29: Изоҳ: Фуқаролар бўйича рўйхат Бош прокурор ўринбосари И. Адхамов бўлинмаларига тақдим этилди.

Sheet Туманлар кесимида (2)
A1: Сирдарё вилоятида Аҳоли даромадини ошириш ҳамда камбағалликни қисқартириш бўйича амалга оширилаётган ишлар тўғрисида ("Омбор китоби" бўйича) «Доимий ишга жойлаштирилди» йўналиши бўйича МАЪЛУМОТ
A2: 15.10.2026 й. ҳолатига
A3: № | B3: Ҳудуд номи | C3: Ишга жойлаштирилган фуқаролар (нафар) | D3: шундан, хатлов тоифаси бўйича (нафар) | I3: Фуқаролар ишга жойлашган корхоналар сони (бирлик) | J3: Ойлик иш ҳақи бўйича (нафар) | M3: Ўртача ойлик иш ҳақи (минг сўм) | N3: шундан | Q3: Корхоналар соҳаси бўйича (нафар)
D4: Ишсиз | E4: Тадбиркорлик ташаббуси бор | F4: Ишлайди, лекин даромади паст | G4: Норасмий бандлар | H4: Ишлаш истаги йўқ | J4: 3 млн сўмгача | K4: 3–5 млн сўм | L4: 5 млн сўмдан юқори | N4: МЧЖ/ корхона-лар | O4: Фермер хўжалиги | P4: Якка тартибдаги тадбиркор | Q4: Саноат (ишлаб чиқариш) | R4: Қурилиш | S4: Қишлоқ хўжалиги | T4: Савдо | U4: Хизмат кўрсатиш | V4: Транспорт ва логистика | W4: Ҳунармандчилик | X4: Ижтимоий соҳа (таълим, соғлиқни сақлаш) | Y4: Бошқа
A5: A | B5: Б | C5: 1 | D5: =+C5+1 -> 2 | E5: =+D5+1 -> 3 | F5: =+E5+1 -> 4 | G5: =+F5+1 -> 5 | H5: =+G5+1 -> 6 | I5: =+H5+1 -> 7 | J5: =+I5+1 -> 8 | K5: =+J5+1 -> 9 | ... Y5: =+X5+1 -> 23
B6: Сирдарё вилояти | C6: =SUM(C7:C17) -> 1328 | D6: =SUM(D7:D17) -> 86 | E6: =SUM(E7:E17) -> 680 | F6: =SUM(F7:F17) -> 45 | G6: =SUM(G7:G17) -> 475 | H6: =SUM(H7:H17) -> 42 | I6: =SUM(I7:I17) -> 733 | J6: =SUM(J7:J17) -> 733 | ... L6: =SUM(L7:L17) -> 733 | Q6: =SUM(Q7:Q17) -> 0 | R6: =SUM(R7:R17) -> 0 | S6: =SUM(S7:S17) -> 0 | T6: =SUM(T7:T17) -> 0 | U6: =SUM(U7:U17) -> 0 | V6: =SUM(V7:V17) -> 0 | W6: =SUM(W7:W17) -> 0 | X6: =SUM(X7:X17) -> 0 | Y6: =SUM(Y7:Y17) -> 0 | Z6: Сирдарё
A7: 1 | B7: Гулистон ш. | C7: =COUNTIFS('Фуқаролар рўйхати'!$B$6:$B$10005,$Z7,'Фуқаролар рўйхати'!$C$6:$C$10005,$B7) -> 142 | D7: =COUNTIFS('Фуқаролар рўйхати'!$B$6:$B$10005,$Z7,'Фуқаролар рўйхати'!$C$6:$C$10005,$B7,'Фуқаролар рўйхати'!$J$6:$J$10005,Рўйхатлар!$C$2) -> 3 | E7: =COUNTIFS('Фуқаролар рўйхати'!$B$6:$B$10005,$Z7,'Фуқаролар рўйхати'!$C$6:$C$10005,$B7,'Фуқаролар рўйхати'!$J$6:$J$10005,Рўйхатлар!$C$3) -> 80 | F7: =COUNTIFS('Фуқаролар рўйхати'!$B$6:$B$10005,$Z7,'Фуқаролар рўйхати'!$C$6:$C$10005,$B7,'Фуқаролар рўйхати'!$J$6:$J$10005,Рўйхатлар!$C$4) -> 1 | G7: =COUNTIFS('Фуқаролар рўйхати'!$B$6:$B$10005,$Z7,'Фуқаролар рўйхати'!$C$6:$C$10005,$B7,'Фуқаролар рўйхати'!$J$6:$J$10005,Рўйхатлар!$C$5) -> 54 | H7: =COUNTIFS('Фуқаролар рўйхати'!$B$6:$B$10005,$Z7,'Фуқаролар рўйхати'!$C$6:$C$10005,$B7,'Фуқаролар рўйхати'!$J$6:$J$10005,Рўйхатлар!$C$6) -> 4 | I7: =SUMIFS('Фуқаролар рўйхати'!$U$6:$U$10005,'Фуқаролар рўйхати'!$B$6:$B$10005,$Z7,'Фуқаролар рўйхати'!$C$6:$C$10005,$B7) -> 113 | J7: =SUMIFS('Фуқаролар рўйхати'!$U$6:$U$10005,'Фуқаролар рўйхати'!$B$6:$B$10005,$Z7,'Фуқаролар рўйхати'!$C$6:$C$10005,$B7) -> 113 | K7: =SUMIFS('Фуқаролар рўйхати'!$U$6:$U$10005,'Фуқаролар рўйхати'!$B$6:$B$10005,$Z7,'Фуқаролар рўйхати'!$C$6:$C$10005,$B7) -> 113 | L7: =SUMIFS('Фуқаролар рўйхати'!$U$6:$U$10005,'Фуқаролар рўйхати'!$B$6:$B$10005,$Z7,'Фуқаролар рўйхати'!$C$6:$C$10005,$B7) -> 113 | M7: =SUMIFS('Фуқаролар рўйхати'!$U$6:$U$10005,'Фуқаролар рўйхати'!$B$6:$B$10005,$Z7,'Фуқаролар рўйхати'!$C$6:$C$10005,$B7) -> 113 | Q7: =COUNTIFS('Фуқаролар рўйхати'!$B$6:$B$10005,$Z7,'Фуқаролар рўйхати'!$C$6:$C$10005,$B7,'Фуқаролар рўйхати'!$N$6:$N$10005,Рўйхатлар!$J$2) -> 0 | R7: =COUNTIFS('Фуқаролар рўйхати'!$B$6:$B$10005,$Z7,'Фуқаролар рўйхати'!$C$6:$C$10005,$B7,'Фуқаролар рўйхати'!$N$6:$N$10005,Рўйхатлар!$J$3) -> 0 | S7: =COUNTIFS('Фуқаролар рўйхати'!$B$6:$B$10005,$Z7,'Фуқаролар рўйхати'!$C$6:$C$10005,$B7,'Фуқаролар рўйхати'!$N$6:$N$10005,Рўйхатлар!$J$4) -> 0 | T7: =COUNTIFS('Фуқаролар рўйхати'!$B$6:$B$10005,$Z7,'Фуқаролар рўйхати'!$C$6:$C$10005,$B7,'Фуқаролар рўйхати'!$N$6:$N$10005,Рўйхатлар!$J$5) -> 0 | U7: =COUNTIFS('Фуқаролар рўйхати'!$B$6:$B$10005,$Z7,'Фуқаролар рўйхати'!$C$6:$C$10005,$B7,'Фуқаролар рўйхати'!$N$6:$N$10005,Рўйхатлар!$J$6) -> 0 | V7: =COUNTIFS('Фуқаролар рўйхати'!$B$6:$B$10005,$Z7,'Фуқаролар рўйхати'!$C$6:$C$10005,$B7,'Фуқаролар рўйхати'!$N$6:$N$10005,Рўйхатлар!$J$7) -> 0 | W7: =COUNTIFS('Фуқаролар рўйхати'!$B$6:$B$10005,$Z7,'Фуқаролар рўйхати'!$C$6:$C$10005,$B7,'Фуқаролар рўйхати'!$N$6:$N$10005,Рўйхатлар!$J$8) -> 0 | X7: =COUNTIFS('Фуқаролар рўйхати'!$B$6:$B$10005,$Z7,'Фуқаролар рўйхати'!$C$6:$C$10005,$B7,'Фуқаролар рўйхати'!$N$6:$N$10005,Рўйхатлар!$J$9) -> 0 | Y7: =COUNTIFS('Фуқаролар рўйхати'!$B$6:$B$10005,$Z7,'Фуқаролар рўйхати'!$C$6:$C$10005,$B7,'Фуқаролар рўйхати'!$N$6:$N$10005,Рўйхатлар!$J$10) -> 0 | Z7: Сирдарё
A8: =+A7+1 -> 2 | B8: Ширин ш. | C8: =COUNTIFS('Фуқаролар рўйхати'!$B$6:$B$10005,$Z8,'Фуқаролар рўйхати'!$C$6:$C$10005,$B8) -> 26 | D8: =COUNTIFS('Фуқаролар рўйхати'!$B$6:$B$10005,$Z8,'Фуқаролар рўйхати'!$C$6:$C$10005,$B8,'Фуқаролар рўйхати'!$J$6:$J$10005,Рўйхатлар!$C$2) -> 4 | E8: =COUNTIFS('Фуқаролар рўйхати'!$B$6:$B$10005,$Z8,'Фуқаролар рўйхати'!$C$6:$C$10005,$B8,'Фуқаролар рўйхати'!$J$6:$J$10005,Рўйхатлар!$C$3) -> 0 | F8: =COUNTIFS('Фуқаролар рўйхати'!$B$6:$B$10005,$Z8,'Фуқаролар рўйхати'!$C$6:$C$10005,$B8,'Фуқаролар рўйхати'!$J$6:$J$10005,Рўйхатлар!$C$4) -> 4 | G8: =COUNTIFS('Фуқаролар рўйхати'!$B$6:$B$10005,$Z8,'Фуқаролар рўйхати'!$C$6:$C$10005,$B8,'Фуқаролар рўйхати'!$J$6:$J$10005,Рўйхатлар!$C$5) -> 17 | H8: =COUNTIFS('Фуқаролар рўйхати'!$B$6:$B$10005,$Z8,'Фуқаролар рўйхати'!$C$6:$C$10005,$B8,'Фуқаролар рўйхати'!$J$6:$J$10005,Рўйхатлар!$C$6) -> 1 | I8: =SUMIFS('Фуқаролар рўйхати'!$U$6:$U$10005,'Фуқаролар рўйхати'!$B$6:$B$10005,$Z8,'Фуқаролар рўйхати'!$C$6:$C$10005,$B8) -> 16 | J8: =SUMIFS('Фуқаролар рўйхати'!$U$6:$U$10005,'Фуқаролар рўйхати'!$B$6:$B$10005,$Z8,'Фуқаролар рўйхати'!$C$6:$C$10005,$B8) -> 16 | K8: =SUMIFS('Фуқаролар рўйхати'!$U$6:$U$10005,'Фуқаролар рўйхати'!$B$6:$B$10005,$Z8,'Фуқаролар рўйхати'!$C$6:$C$10005,$B8) -> 16 | L8: =SUMIFS('Фуқаролар рўйхати'!$U$6:$U$10005,'Фуқаролар рўйхати'!$B$6:$B$10005,$Z8,'Фуқаролар рўйхати'!$C$6:$C$10005,$B8) -> 16 | M8: =SUMIFS('Фуқаролар рўйхати'!$U$6:$U$10005,'Фуқаролар рўйхати'!$B$6:$B$10005,$Z8,'Фуқаролар рўйхати'!$C$6:$C$10005,$B8) -> 16 | Q8: =COUNTIFS('Фуқаролар рўйхати'!$B$6:$B$10005,$Z8,'Фуқаролар рўйхати'!$C$6:$C$10005,$B8,'Фуқаролар рўйхати'!$N$6:$N$10005,Рўйхатлар!$J$2) -> 0 | R8: =COUNTIFS('Фуқаролар рўйхати'!$B$6:$B$10005,$Z8,'Фуқаролар рўйхати'!$C$6:$C$10005,$B8,'Фуқаролар рўйхати'!$N$6:$N$10005,Рўйхатлар!$J$3) -> 0 | S8: =COUNTIFS('Фуқаролар рўйхати'!$B$6:$B$10005,$Z8,'Фуқаролар рўйхати'!$C$6:$C$10005,$B8,'Фуқаролар рўйхати'!$N$6:$N$10005,Рўйхатлар!$J$4) -> 0 | T8: =COUNTIFS('Фуқаролар рўйхати'!$B$6:$B$10005,$Z8,'Фуқаролар рўйхати'!$C$6:$C$10005,$B8,'Фуқаролар рўйхати'!$N$6:$N$10005,Рўйхатлар!$J$5) -> 0 | U8: =COUNTIFS('Фуқаролар рўйхати'!$B$6:$B$10005,$Z8,'Фуқаролар рўйхати'!$C$6:$C$10005,$B8,'Фуқаролар рўйхати'!$N$6:$N$10005,Рўйхатлар!$J$6) -> 0 | V8: =COUNTIFS('Фуқаролар рўйхати'!$B$6:$B$10005,$Z8,'Фуқаролар рўйхати'!$C$6:$C$10005,$B8,'Фуқаролар рўйхати'!$N$6:$N$10005,Рўйхатлар!$J$7) -> 0 | W8: =COUNTIFS('Фуқаролар рўйхати'!$B$6:$B$10005,$Z8,'Фуқаролар рўйхати'!$C$6:$C$10005,$B8,'Фуқаролар рўйхати'!$N$6:$N$10005,Рўйхатлар!$J$8) -> 0 | X8: =COUNTIFS('Фуқаролар рўйхати'!$B$6:$B$10005,$Z8,'Фуқаролар рўйхати'!$C$6:$C$10005,$B8,'Фуқаролар рўйхати'!$N$6:$N$10005,Рўйхатлар!$J$9) -> 0 | Y8: =COUNTIFS('Фуқаролар рўйхати'!$B$6:$B$10005,$Z8,'Фуқаролар рўйхати'!$C$6:$C$10005,$B8,'Фуқаролар рўйхати'!$N$6:$N$10005,Рўйхатлар!$J$10) -> 0 | Z8: Сирдарё
A9: =+A8+1 -> 3 | B9: Янгиер ш. | C9: =COUNTIFS('Фуқаролар рўйхати'!$B$6:$B$10005,$Z9,'Фуқаролар рўйхати'!$C$6:$C$10005,$B9) -> 27 | D9: =COUNTIFS('Фуқаролар рўйхати'!$B$6:$B$10005,$Z9,'Фуқаролар рўйхати'!$C$6:$C$10005,$B9,'Фуқаролар рўйхати'!$J$6:$J$10005,Рўйхатлар!$C$2) -> 4 | E9: =COUNTIFS('Фуқаролар рўйхати'!$B$6:$B$10005,$Z9,'Фуқаролар рўйхати'!$C$6:$C$10005,$B9,'Фуқаролар рўйхати'!$J$6:$J$10005,Рўйхатлар!$C$3) -> 2 | F9: =COUNTIFS('Фуқаролар рўйхати'!$B$6:$B$10005,$Z9,'Фуқаролар рўйхати'!$C$6:$C$10005,$B9,'Фуқаролар рўйхати'!$J$6:$J$10005,Рўйхатлар!$C$4) -> 2 | G9: =COUNTIFS('Фуқаролар рўйхати'!$B$6:$B$10005,$Z9,'Фуқаролар рўйхати'!$C$6:$C$10005,$B9,'Фуқаролар рўйхати'!$J$6:$J$10005,Рўйхатлар!$C$5) -> 16 | H9: =COUNTIFS('Фуқаролар рўйхати'!$B$6:$B$10005,$Z9,'Фуқаролар рўйхати'!$C$6:$C$10005,$B9,'Фуқаролар рўйхати'!$J$6:$J$10005,Рўйхатлар!$C$6) -> 3 | I9: =SUMIFS('Фуқаролар рўйхати'!$U$6:$U$10005,'Фуқаролар рўйхати'!$B$6:$B$10005,$Z9,'Фуқаролар рўйхати'!$C$6:$C$10005,$B9) -> 24 | J9: =SUMIFS('Фуқаролар рўйхати'!$U$6:$U$10005,'Фуқаролар рўйхати'!$B$6:$B$10005,$Z9,'Фуқаролар рўйхати'!$C$6:$C$10005,$B9) -> 24 | K9: =SUMIFS('Фуқаролар рўйхати'!$U$6:$U$10005,'Фуқаролар рўйхати'!$B$6:$B$10005,$Z9,'Фуқаролар рўйхати'!$C$6:$C$10005,$B9) -> 24 | L9: =SUMIFS('Фуқаролар рўйхати'!$U$6:$U$10005,'Фуқаролар рўйхати'!$B$6:$B$10005,$Z9,'Фуқаролар рўйхати'!$C$6:$C$10005,$B9) -> 24 | M9: =SUMIFS('Фуқаролар рўйхати'!$U$6:$U$10005,'Фуқаролар рўйхати'!$B$6:$B$10005,$Z9,'Фуқаролар рўйхати'!$C$6:$C$10005,$B9) -> 24 | Q9: =COUNTIFS('Фуқаролар рўйхати'!$B$6:$B$10005,$Z9,'Фуқаролар рўйхати'!$C$6:$C$10005,$B9,'Фуқаролар рўйхати'!$N$6:$N$10005,Рўйхатлар!$J$2) -> 0 | R9: =COUNTIFS('Фуқаролар рўйхати'!$B$6:$B$10005,$Z9,'Фуқаролар рўйхати'!$C$6:$C$10005,$B9,'Фуқаролар рўйхати'!$N$6:$N$10005,Рўйхатлар!$J$3) -> 0 | S9: =COUNTIFS('Фуқаролар рўйхати'!$B$6:$B$10005,$Z9,'Фуқаролар рўйхати'!$C$6:$C$10005,$B9,'Фуқаролар рўйхати'!$N$6:$N$10005,Рўйхатлар!$J$4) -> 0 | T9: =COUNTIFS('Фуқаролар рўйхати'!$B$6:$B$10005,$Z9,'Фуқаролар рўйхати'!$C$6:$C$10005,$B9,'Фуқаролар рўйхати'!$N$6:$N$10005,Рўйхатлар!$J$5) -> 0 | U9: =COUNTIFS('Фуқаролар рўйхати'!$B$6:$B$10005,$Z9,'Фуқаролар рўйхати'!$C$6:$C$10005,$B9,'Фуқаролар рўйхати'!$N$6:$N$10005,Рўйхатлар!$J$6) -> 0 | V9: =COUNTIFS('Фуқаролар рўйхати'!$B$6:$B$10005,$Z9,'Фуқаролар рўйхати'!$C$6:$C$10005,$B9,'Фуқаролар рўйхати'!$N$6:$N$10005,Рўйхатлар!$J$7) -> 0 | W9: =COUNTIFS('Фуқаролар рўйхати'!$B$6:$B$10005,$Z9,'Фуқаролар рўйхати'!$C$6:$C$10005,$B9,'Фуқаролар рўйхати'!$N$6:$N$10005,Рўйхатлар!$J$8) -> 0 | X9: =COUNTIFS('Фуқаролар рўйхати'!$B$6:$B$10005,$Z9,'Фуқаролар рўйхати'!$C$6:$C$10005,$B9,'Фуқаролар рўйхати'!$N$6:$N$10005,Рўйхатлар!$J$9) -> 0 | Y9: =COUNTIFS('Фуқаролар рўйхати'!$B$6:$B$10005,$Z9,'Фуқаролар рўйхати'!$C$6:$C$10005,$B9,'Фуқаролар рўйхати'!$N$6:$N$10005,Рўйхатлар!$J$10) -> 0 | Z9: Сирдарё
A10: =+A9+1 -> 4 | B10: Боёвут т. | C10: =COUNTIFS('Фуқаролар рўйхати'!$B$6:$B$10005,$Z10,'Фуқаролар рўйхати'!$C$6:$C$10005,$B10) -> 157 | D10: =COUNTIFS('Фуқаролар рўйхати'!$B$6:$B$10005,$Z10,'Фуқаролар рўйхати'!$C$6:$C$10005,$B10,'Фуқаролар рўйхати'!$J$6:$J$10005,Рўйхатлар!$C$2) -> 20 | E10: =COUNTIFS('Фуқаролар рўйхати'!$B$6:$B$10005,$Z10,'Фуқаролар рўйхати'!$C$6:$C$10005,$B10,'Фуқаролар рўйхати'!$J$6:$J$10005,Рўйхатлар!$C$3) -> 49 | F10: =COUNTIFS('Фуқаролар рўйхати'!$B$6:$B$10005,$Z10,'Фуқаролар рўйхати'!$C$6:$C$10005,$B10,'Фуқаролар рўйхати'!$J$6:$J$10005,Рўйхатлар!$C$4) -> 7 | G10: =COUNTIFS('Фуқаролар рўйхати'!$B$6:$B$10005,$Z10,'Фуқаролар рўйхати'!$C$6:$C$10005,$B10,'Фуқаролар рўйхати'!$J$6:$J$10005,Рўйхатлар!$C$5) -> 70 | H10: =COUNTIFS('Фуқаролар рўйхати'!$B$6:$B$10005,$Z10,'Фуқаролар рўйхати'!$C$6:$C$10005,$B10,'Фуқаролар рўйхати'!$J$6:$J$10005,Рўйхатлар!$C$6) -> 11 | I10: =SUMIFS('Фуқаролар рўйхати'!$U$6:$U$10005,'Фуқаролар рўйхати'!$B$6:$B$10005,$Z10,'Фуқаролар рўйхати'!$C$6:$C$10005,$B10) -> 92 | J10: =SUMIFS('Фуқаролар рўйхати'!$U$6:$U$10005,'Фуқаролар рўйхати'!$B$6:$B$10005,$Z10,'Фуқаролар рўйхати'!$C$6:$C$10005,$B10) -> 92 | K10: =SUMIFS('Фуқаролар рўйхати'!$U$6:$U$10005,'Фуқаролар рўйхати'!$B$6:$B$10005,$Z10,'Фуқаролар рўйхати'!$C$6:$C$10005,$B10) -> 92 | L10: =SUMIFS('Фуқаролар рўйхати'!$U$6:$U$10005,'Фуқаролар рўйхати'!$B$6:$B$10005,$Z10,'Фуқаролар рўйхати'!$C$6:$C$10005,$B10) -> 92 | M10: =SUMIFS('Фуқаролар рўйхати'!$U$6:$U$10005,'Фуқаролар рўйхати'!$B$6:$B$10005,$Z10,'Фуқаролар рўйхати'!$C$6:$C$10005,$B10) -> 92 | Q10: =COUNTIFS('Фуқаролар рўйхати'!$B$6:$B$10005,$Z10,'Фуқаролар рўйхати'!$C$6:$C$10005,$B10,'Фуқаролар рўйхати'!$N$6:$N$10005,Рўйхатлар!$J$2) -> 0 | R10: =COUNTIFS('Фуқаролар рўйхати'!$B$6:$B$10005,$Z10,'Фуқаролар рўйхати'!$C$6:$C$10005,$B10,'Фуқаролар рўйхати'!$N$6:$N$10005,Рўйхатлар!$J$3) -> 0 | S10: =COUNTIFS('Фуқаролар рўйхати'!$B$6:$B$10005,$Z10,'Фуқаролар рўйхати'!$C$6:$C$10005,$B10,'Фуқаролар рўйхати'!$N$6:$N$10005,Рўйхатлар!$J$4) -> 0 | T10: =COUNTIFS('Фуқаролар рўйхати'!$B$6:$B$10005,$Z10,'Фуқаролар рўйхати'!$C$6:$C$10005,$B10,'Фуқаролар рўйхати'!$N$6:$N$10005,Рўйхатлар!$J$5) -> 0 | U10: =COUNTIFS('Фуқаролар рўйхати'!$B$6:$B$10005,$Z10,'Фуқаролар рўйхати'!$C$6:$C$10005,$B10,'Фуқаролар рўйхати'!$N$6:$N$10005,Рўйхатлар!$J$6) -> 0 | V10: =COUNTIFS('Фуқаролар рўйхати'!$B$6:$B$10005,$Z10,'Фуқаролар рўйхати'!$C$6:$C$10005,$B10,'Фуқаролар рўйхати'!$N$6:$N$10005,Рўйхатлар!$J$7) -> 0 | W10: =COUNTIFS('Фуқаролар рўйхати'!$B$6:$B$10005,$Z10,'Фуқаролар рўйхати'!$C$6:$C$10005,$B10,'Фуқаролар рўйхати'!$N$6:$N$10005,Рўйхатлар!$J$8) -> 0 | X10: =COUNTIFS('Фуқаролар рўйхати'!$B$6:$B$10005,$Z10,'Фуқаролар рўйхати'!$C$6:$C$10005,$B10,'Фуқаролар рўйхати'!$N$6:$N$10005,Рўйхатлар!$J$9) -> 0 | Y10: =COUNTIFS('Фуқаролар рўйхати'!$B$6:$B$10005,$Z10,'Фуқаролар рўйхати'!$C$6:$C$10005,$B10,'Фуқаролар рўйхати'!$N$6:$N$10005,Рўйхатлар!$J$10) -> 0 | Z10: Сирдарё
A11: =+A10+1 -> 5 | B11: Гулистон т. | C11: =COUNTIFS('Фуқаролар рўйхати'!$B$6:$B$10005,$Z11,'Фуқаролар рўйхати'!$C$6:$C$10005,$B11) -> 130 | D11: =COUNTIFS('Фуқаролар рўйхати'!$B$6:$B$10005,$Z11,'Фуқаролар рўйхати'!$C$6:$C$10005,$B11,'Фуқаролар рўйхати'!$J$6:$J$10005,Рўйхатлар!$C$2) -> 9 | E11: =COUNTIFS('Фуқаролар рўйхати'!$B$6:$B$10005,$Z11,'Фуқаролар рўйхати'!$C$6:$C$10005,$B11,'Фуқаролар рўйхати'!$J$6:$J$10005,Рўйхатлар!$C$3) -> 75 | F11: =COUNTIFS('Фуқаролар рўйхати'!$B$6:$B$10005,$Z11,'Фуқаролар рўйхати'!$C$6:$C$10005,$B11,'Фуқаролар рўйхати'!$J$6:$J$10005,Рўйхатлар!$C$4) -> 2 | G11: =COUNTIFS('Фуқаролар рўйхати'!$B$6:$B$10005,$Z11,'Фуқаролар рўйхати'!$C$6:$C$10005,$B11,'Фуқаролар рўйхати'!$J$6:$J$10005,Рўйхатлар!$C$5) -> 38 | H11: =COUNTIFS('Фуқаролар рўйхати'!$B$6:$B$10005,$Z11,'Фуқаролар рўйхати'!$C$6:$C$10005,$B11,'Фуқаролар рўйхати'!$J$6:$J$10005,Рўйхатлар!$C$6) -> 6 | I11: =SUMIFS('Фуқаролар рўйхати'!$U$6:$U$10005,'Фуқаролар рўйхати'!$B$6:$B$10005,$Z11,'Фуқаролар рўйхати'!$C$6:$C$10005,$B11) -> 92 | J11: =SUMIFS('Фуқаролар рўйхати'!$U$6:$U$10005,'Фуқаролар рўйхати'!$B$6:$B$10005,$Z11,'Фуқаролар рўйхати'!$C$6:$C$10005,$B11) -> 92 | K11: =SUMIFS('Фуқаролар рўйхати'!$U$6:$U$10005,'Фуқаролар рўйхати'!$B$6:$B$10005,$Z11,'Фуқаролар рўйхати'!$C$6:$C$10005,$B11) -> 92 | L11: =SUMIFS('Фуқаролар рўйхати'!$U$6:$U$10005,'Фуқаролар рўйхати'!$B$6:$B$10005,$Z11,'Фуқаролар рўйхати'!$C$6:$C$10005,$B11) -> 92 | M11: =SUMIFS('Фуқаролар рўйхати'!$U$6:$U$10005,'Фуқаролар рўйхати'!$B$6:$B$10005,$Z11,'Фуқаролар рўйхати'!$C$6:$C$10005,$B11) -> 92 | Q11: =COUNTIFS('Фуқаролар рўйхати'!$B$6:$B$10005,$Z11,'Фуқаролар рўйхати'!$C$6:$C$10005,$B11,'Фуқаролар рўйхати'!$N$6:$N$10005,Рўйхатлар!$J$2) -> 0 | R11: =COUNTIFS('Фуқаролар рўйхати'!$B$6:$B$10005,$Z11,'Фуқаролар рўйхати'!$C$6:$C$10005,$B11,'Фуқаролар рўйхати'!$N$6:$N$10005,Рўйхатлар!$J$3) -> 0 | S11: =COUNTIFS('Фуқаролар рўйхати'!$B$6:$B$10005,$Z11,'Фуқаролар рўйхати'!$C$6:$C$10005,$B11,'Фуқаролар рўйхати'!$N$6:$N$10005,Рўйхатлар!$J$4) -> 0 | T11: =COUNTIFS('Фуқаролар рўйхати'!$B$6:$B$10005,$Z11,'Фуқаролар рўйхати'!$C$6:$C$10005,$B11,'Фуқаролар рўйхати'!$N$6:$N$10005,Рўйхатлар!$J$5) -> 0 | U11: =COUNTIFS('Фуқаролар рўйхати'!$B$6:$B$10005,$Z11,'Фуқаролар рўйхати'!$C$6:$C$10005,$B11,'Фуқаролар рўйхати'!$N$6:$N$10005,Рўйхатлар!$J$6) -> 0 | V11: =COUNTIFS('Фуқаролар рўйхати'!$B$6:$B$10005,$Z11,'Фуқаролар рўйхати'!$C$6:$C$10005,$B11,'Фуқаролар рўйхати'!$N$6:$N$10005,Рўйхатлар!$J$7) -> 0 | W11: =COUNTIFS('Фуқаролар рўйхати'!$B$6:$B$10005,$Z11,'Фуқаролар рўйхати'!$C$6:$C$10005,$B11,'Фуқаролар рўйхати'!$N$6:$N$10005,Рўйхатлар!$J$8) -> 0 | X11: =COUNTIFS('Фуқаролар рўйхати'!$B$6:$B$10005,$Z11,'Фуқаролар рўйхати'!$C$6:$C$10005,$B11,'Фуқаролар рўйхати'!$N$6:$N$10005,Рўйхатлар!$J$9) -> 0 | Y11: =COUNTIFS('Фуқаролар рўйхати'!$B$6:$B$10005,$Z11,'Фуқаролар рўйхати'!$C$6:$C$10005,$B11,'Фуқаролар рўйхати'!$N$6:$N$10005,Рўйхатлар!$J$10) -> 0 | Z11: Сирдарё
A12: =+A11+1 -> 6 | B12: Мирзаобод т. | C12: =COUNTIFS('Фуқаролар рўйхати'!$B$6:$B$10005,$Z12,'Фуқаролар рўйхати'!$C$6:$C$10005,$B12) -> 200 | D12: =COUNTIFS('Фуқаролар рўйхати'!$B$6:$B$10005,$Z12,'Фуқаролар рўйхати'!$C$6:$C$10005,$B12,'Фуқаролар рўйхати'!$J$6:$J$10005,Рўйхатлар!$C$2) -> 7 | E12: =COUNTIFS('Фуқаролар рўйхати'!$B$6:$B$10005,$Z12,'Фуқаролар рўйхати'!$C$6:$C$10005,$B12,'Фуқаролар рўйхати'!$J$6:$J$10005,Рўйхатлар!$C$3) -> 149 | F12: =COUNTIFS('Фуқаролар рўйхати'!$B$6:$B$10005,$Z12,'Фуқаролар рўйхати'!$C$6:$C$10005,$B12,'Фуқаролар рўйхати'!$J$6:$J$10005,Рўйхатлар!$C$4) -> 2 | G12: =COUNTIFS('Фуқаролар рўйхати'!$B$6:$B$10005,$Z12,'Фуқаролар рўйхати'!$C$6:$C$10005,$B12,'Фуқаролар рўйхати'!$J$6:$J$10005,Рўйхатлар!$C$5) -> 42 | H12: =COUNTIFS('Фуқаролар рўйхати'!$B$6:$B$10005,$Z12,'Фуқаролар рўйхати'!$C$6:$C$10005,$B12,'Фуқаролар рўйхати'!$J$6:$J$10005,Рўйхатлар!$C$6) -> 0 | I12: =SUMIFS('Фуқаролар рўйхати'!$U$6:$U$10005,'Фуқаролар рўйхати'!$B$6:$B$10005,$Z12,'Фуқаролар рўйхати'!$C$6:$C$10005,$B12) -> 76 | J12: =SUMIFS('Фуқаролар рўйхати'!$U$6:$U$10005,'Фуқаролар рўйхати'!$B$6:$B$10005,$Z12,'Фуқаролар рўйхати'!$C$6:$C$10005,$B12) -> 76 | K12: =SUMIFS('Фуқаролар рўйхати'!$U$6:$U$10005,'Фуқаролар рўйхати'!$B$6:$B$10005,$Z12,'Фуқаролар рўйхати'!$C$6:$C$10005,$B12) -> 76 | L12: =SUMIFS('Фуқаролар рўйхати'!$U$6:$U$10005,'Фуқаролар рўйхати'!$B$6:$B$10005,$Z12,'Фуқаролар рўйхати'!$C$6:$C$10005,$B12) -> 76 | M12: =SUMIFS('Фуқаролар рўйхати'!$U$6:$U$10005,'Фуқаролар рўйхати'!$B$6:$B$10005,$Z12,'Фуқаролар рўйхати'!$C$6:$C$10005,$B12) -> 76 | Q12: =COUNTIFS('Фуқаролар рўйхати'!$B$6:$B$10005,$Z12,'Фуқаролар рўйхати'!$C$6:$C$10005,$B12,'Фуқаролар рўйхати'!$N$6:$N$10005,Рўйхатлар!$J$2) -> 0 | R12: =COUNTIFS('Фуқаролар рўйхати'!$B$6:$B$10005,$Z12,'Фуқаролар рўйхати'!$C$6:$C$10005,$B12,'Фуқаролар рўйхати'!$N$6:$N$10005,Рўйхатлар!$J$3) -> 0 | S12: =COUNTIFS('Фуқаролар рўйхати'!$B$6:$B$10005,$Z12,'Фуқаролар рўйхати'!$C$6:$C$10005,$B12,'Фуқаролар рўйхати'!$N$6:$N$10005,Рўйхатлар!$J$4) -> 0 | T12: =COUNTIFS('Фуқаролар рўйхати'!$B$6:$B$10005,$Z12,'Фуқаролар рўйхати'!$C$6:$C$10005,$B12,'Фуқаролар рўйхати'!$N$6:$N$10005,Рўйхатлар!$J$5) -> 0 | U12: =COUNTIFS('Фуқаролар рўйхати'!$B$6:$B$10005,$Z12,'Фуқаролар рўйхати'!$C$6:$C$10005,$B12,'Фуқаролар рўйхати'!$N$6:$N$10005,Рўйхатлар!$J$6) -> 0 | V12: =COUNTIFS('Фуқаролар рўйхати'!$B$6:$B$10005,$Z12,'Фуқаролар рўйхати'!$C$6:$C$10005,$B12,'Фуқаролар рўйхати'!$N$6:$N$10005,Рўйхатлар!$J$7) -> 0 | W12: =COUNTIFS('Фуқаролар рўйхати'!$B$6:$B$10005,$Z12,'Фуқаролар рўйхати'!$C$6:$C$10005,$B12,'Фуқаролар рўйхати'!$N$6:$N$10005,Рўйхатлар!$J$8) -> 0 | X12: =COUNTIFS('Фуқаролар рўйхати'!$B$6:$B$10005,$Z12,'Фуқаролар рўйхати'!$C$6:$C$10005,$B12,'Фуқаролар рўйхати'!$N$6:$N$10005,Рўйхатлар!$J$9) -> 0 | Y12: =COUNTIFS('Фуқаролар рўйхати'!$B$6:$B$10005,$Z12,'Фуқаролар рўйхати'!$C$6:$C$10005,$B12,'Фуқаролар рўйхати'!$N$6:$N$10005,Рўйхатлар!$J$10) -> 0 | Z12: Сирдарё
A13: =+A12+1 -> 7 | B13: Оқолтин т. | C13: =COUNTIFS('Фуқаролар рўйхати'!$B$6:$B$10005,$Z13,'Фуқаролар рўйхати'!$C$6:$C$10005,$B13) -> 45 | D13: =COUNTIFS('Фуқаролар рўйхати'!$B$6:$B$10005,$Z13,'Фуқаролар рўйхати'!$C$6:$C$10005,$B13,'Фуқаролар рўйхати'!$J$6:$J$10005,Рўйхатлар!$C$2) -> 4 | E13: =COUNTIFS('Фуқаролар рўйхати'!$B$6:$B$10005,$Z13,'Фуқаролар рўйхати'!$C$6:$C$10005,$B13,'Фуқаролар рўйхати'!$J$6:$J$10005,Рўйхатлар!$C$3) -> 14 | F13: =COUNTIFS('Фуқаролар рўйхати'!$B$6:$B$10005,$Z13,'Фуқаролар рўйхати'!$C$6:$C$10005,$B13,'Фуқаролар рўйхати'!$J$6:$J$10005,Рўйхатлар!$C$4) -> 1 | G13: =COUNTIFS('Фуқаролар рўйхати'!$B$6:$B$10005,$Z13,'Фуқаролар рўйхати'!$C$6:$C$10005,$B13,'Фуқаролар рўйхати'!$J$6:$J$10005,Рўйхатлар!$C$5) -> 25 | H13: =COUNTIFS('Фуқаролар рўйхати'!$B$6:$B$10005,$Z13,'Фуқаролар рўйхати'!$C$6:$C$10005,$B13,'Фуқаролар рўйхати'!$J$6:$J$10005,Рўйхатлар!$C$6) -> 1 | I13: =SUMIFS('Фуқаролар рўйхати'!$U$6:$U$10005,'Фуқаролар рўйхати'!$B$6:$B$10005,$Z13,'Фуқаролар рўйхати'!$C$6:$C$10005,$B13) -> 23 | J13: =SUMIFS('Фуқаролар рўйхати'!$U$6:$U$10005,'Фуқаролар рўйхати'!$B$6:$B$10005,$Z13,'Фуқаролар рўйхати'!$C$6:$C$10005,$B13) -> 23 | K13: =SUMIFS('Фуқаролар рўйхати'!$U$6:$U$10005,'Фуқаролар рўйхати'!$B$6:$B$10005,$Z13,'Фуқаролар рўйхати'!$C$6:$C$10005,$B13) -> 23 | L13: =SUMIFS('Фуқаролар рўйхати'!$U$6:$U$10005,'Фуқаролар рўйхати'!$B$6:$B$10005,$Z13,'Фуқаролар рўйхати'!$C$6:$C$10005,$B13) -> 23 | M13: =SUMIFS('Фуқаролар рўйхати'!$U$6:$U$10005,'Фуқаролар рўйхати'!$B$6:$B$10005,$Z13,'Фуқаролар рўйхати'!$C$6:$C$10005,$B13) -> 23 | Q13: =COUNTIFS('Фуқаролар рўйхати'!$B$6:$B$10005,$Z13,'Фуқаролар рўйхати'!$C$6:$C$10005,$B13,'Фуқаролар рўйхати'!$N$6:$N$10005,Рўйхатлар!$J$2) -> 0 | R13: =COUNTIFS('Фуқаролар рўйхати'!$B$6:$B$10005,$Z13,'Фуқаролар рўйхати'!$C$6:$C$10005,$B13,'Фуқаролар рўйхати'!$N$6:$N$10005,Рўйхатлар!$J$3) -> 0 | S13: =COUNTIFS('Фуқаролар рўйхати'!$B$6:$B$10005,$Z13,'Фуқаролар рўйхати'!$C$6:$C$10005,$B13,'Фуқаролар рўйхати'!$N$6:$N$10005,Рўйхатлар!$J$4) -> 0 | T13: =COUNTIFS('Фуқаролар рўйхати'!$B$6:$B$10005,$Z13,'Фуқаролар рўйхати'!$C$6:$C$10005,$B13,'Фуқаролар рўйхати'!$N$6:$N$10005,Рўйхатлар!$J$5) -> 0 | U13: =COUNTIFS('Фуқаролар рўйхати'!$B$6:$B$10005,$Z13,'Фуқаролар рўйхати'!$C$6:$C$10005,$B13,'Фуқаролар рўйхати'!$N$6:$N$10005,Рўйхатлар!$J$6) -> 0 | V13: =COUNTIFS('Фуқаролар рўйхати'!$B$6:$B$10005,$Z13,'Фуқаролар рўйхати'!$C$6:$C$10005,$B13,'Фуқаролар рўйхати'!$N$6:$N$10005,Рўйхатлар!$J$7) -> 0 | W13: =COUNTIFS('Фуқаролар рўйхати'!$B$6:$B$10005,$Z13,'Фуқаролар рўйхати'!$C$6:$C$10005,$B13,'Фуқаролар рўйхати'!$N$6:$N$10005,Рўйхатлар!$J$8) -> 0 | X13: =COUNTIFS('Фуқаролар рўйхати'!$B$6:$B$10005,$Z13,'Фуқаролар рўйхати'!$C$6:$C$10005,$B13,'Фуқаролар рўйхати'!$N$6:$N$10005,Рўйхатлар!$J$9) -> 0 | Y13: =COUNTIFS('Фуқаролар рўйхати'!$B$6:$B$10005,$Z13,'Фуқаролар рўйхати'!$C$6:$C$10005,$B13,'Фуқаролар рўйхати'!$N$6:$N$10005,Рўйхатлар!$J$10) -> 0 | Z13: Сирдарё
A14: =+A13+1 -> 8 | B14: Сайхунобод т. | C14: =COUNTIFS('Фуқаролар рўйхати'!$B$6:$B$10005,$Z14,'Фуқаролар рўйхати'!$C$6:$C$10005,$B14) -> 75 | D14: =COUNTIFS('Фуқаролар рўйхати'!$B$6:$B$10005,$Z14,'Фуқаролар рўйхати'!$C$6:$C$10005,$B14,'Фуқаролар рўйхати'!$J$6:$J$10005,Рўйхатлар!$C$2) -> 6 | E14: =COUNTIFS('Фуқаролар рўйхати'!$B$6:$B$10005,$Z14,'Фуқаролар рўйхати'!$C$6:$C$10005,$B14,'Фуқаролар рўйхати'!$J$6:$J$10005,Рўйхатлар!$C$3) -> 27 | F14: =COUNTIFS('Фуқаролар рўйхати'!$B$6:$B$10005,$Z14,'Фуқаролар рўйхати'!$C$6:$C$10005,$B14,'Фуқаролар рўйхати'!$J$6:$J$10005,Рўйхатлар!$C$4) -> 6 | G14: =COUNTIFS('Фуқаролар рўйхати'!$B$6:$B$10005,$Z14,'Фуқаролар рўйхати'!$C$6:$C$10005,$B14,'Фуқаролар рўйхати'!$J$6:$J$10005,Рўйхатлар!$C$5) -> 31 | H14: =COUNTIFS('Фуқаролар рўйхати'!$B$6:$B$10005,$Z14,'Фуқаролар рўйхати'!$C$6:$C$10005,$B14,'Фуқаролар рўйхати'!$J$6:$J$10005,Рўйхатлар!$C$6) -> 5 | I14: =SUMIFS('Фуқаролар рўйхати'!$U$6:$U$10005,'Фуқаролар рўйхати'!$B$6:$B$10005,$Z14,'Фуқаролар рўйхати'!$C$6:$C$10005,$B14) -> 49 | J14: =SUMIFS('Фуқаролар рўйхати'!$U$6:$U$10005,'Фуқаролар рўйхати'!$B$6:$B$10005,$Z14,'Фуқаролар рўйхати'!$C$6:$C$10005,$B14) -> 49 | K14: =SUMIFS('Фуқаролар рўйхати'!$U$6:$U$10005,'Фуқаролар рўйхати'!$B$6:$B$10005,$Z14,'Фуқаролар рўйхати'!$C$6:$C$10005,$B14) -> 49 | L14: =SUMIFS('Фуқаролар рўйхати'!$U$6:$U$10005,'Фуқаролар рўйхати'!$B$6:$B$10005,$Z14,'Фуқаролар рўйхати'!$C$6:$C$10005,$B14) -> 49 | M14: =SUMIFS('Фуқаролар рўйхати'!$U$6:$U$10005,'Фуқаролар рўйхати'!$B$6:$B$10005,$Z14,'Фуқаролар рўйхати'!$C$6:$C$10005,$B14) -> 49 | Q14: =COUNTIFS('Фуқаролар рўйхати'!$B$6:$B$10005,$Z14,'Фуқаролар рўйхати'!$C$6:$C$10005,$B14,'Фуқаролар рўйхати'!$N$6:$N$10005,Рўйхатлар!$J$2) -> 0 | R14: =COUNTIFS('Фуқаролар рўйхати'!$B$6:$B$10005,$Z14,'Фуқаролар рўйхати'!$C$6:$C$10005,$B14,'Фуқаролар рўйхати'!$N$6:$N$10005,Рўйхатлар!$J$3) -> 0 | S14: =COUNTIFS('Фуқаролар рўйхати'!$B$6:$B$10005,$Z14,'Фуқаролар рўйхати'!$C$6:$C$10005,$B14,'Фуқаролар рўйхати'!$N$6:$N$10005,Рўйхатлар!$J$4) -> 0 | T14: =COUNTIFS('Фуқаролар рўйхати'!$B$6:$B$10005,$Z14,'Фуқаролар рўйхати'!$C$6:$C$10005,$B14,'Фуқаролар рўйхати'!$N$6:$N$10005,Рўйхатлар!$J$5) -> 0 | U14: =COUNTIFS('Фуқаролар рўйхати'!$B$6:$B$10005,$Z14,'Фуқаролар рўйхати'!$C$6:$C$10005,$B14,'Фуқаролар рўйхати'!$N$6:$N$10005,Рўйхатлар!$J$6) -> 0 | V14: =COUNTIFS('Фуқаролар рўйхати'!$B$6:$B$10005,$Z14,'Фуқаролар рўйхати'!$C$6:$C$10005,$B14,'Фуқаролар рўйхати'!$N$6:$N$10005,Рўйхатлар!$J$7) -> 0 | W14: =COUNTIFS('Фуқаролар рўйхати'!$B$6:$B$10005,$Z14,'Фуқаролар рўйхати'!$C$6:$C$10005,$B14,'Фуқаролар рўйхати'!$N$6:$N$10005,Рўйхатлар!$J$8) -> 0 | X14: =COUNTIFS('Фуқаролар рўйхати'!$B$6:$B$10005,$Z14,'Фуқаролар рўйхати'!$C$6:$C$10005,$B14,'Фуқаролар рўйхати'!$N$6:$N$10005,Рўйхатлар!$J$9) -> 0 | Y14: =COUNTIFS('Фуқаролар рўйхати'!$B$6:$B$10005,$Z14,'Фуқаролар рўйхати'!$C$6:$C$10005,$B14,'Фуқаролар рўйхати'!$N$6:$N$10005,Рўйхатлар!$J$10) -> 0 | Z14: Сирдарё
A15: =+A14+1 -> 9 | B15: Сардоба т. | C15: =COUNTIFS('Фуқаролар рўйхати'!$B$6:$B$10005,$Z15,'Фуқаролар рўйхати'!$C$6:$C$10005,$B15) -> 68 | D15: =COUNTIFS('Фуқаролар рўйхати'!$B$6:$B$10005,$Z15,'Фуқаролар рўйхати'!$C$6:$C$10005,$B15,'Фуқаролар рўйхати'!$J$6:$J$10005,Рўйхатлар!$C$2) -> 12 | E15: =COUNTIFS('Фуқаролар рўйхати'!$B$6:$B$10005,$Z15,'Фуқаролар рўйхати'!$C$6:$C$10005,$B15,'Фуқаролар рўйхати'!$J$6:$J$10005,Рўйхатлар!$C$3) -> 21 | F15: =COUNTIFS('Фуқаролар рўйхати'!$B$6:$B$10005,$Z15,'Фуқаролар рўйхати'!$C$6:$C$10005,$B15,'Фуқаролар рўйхати'!$J$6:$J$10005,Рўйхатлар!$C$4) -> 3 | G15: =COUNTIFS('Фуқаролар рўйхати'!$B$6:$B$10005,$Z15,'Фуқаролар рўйхати'!$C$6:$C$10005,$B15,'Фуқаролар рўйхати'!$J$6:$J$10005,Рўйхатлар!$C$5) -> 32 | H15: =COUNTIFS('Фуқаролар рўйхати'!$B$6:$B$10005,$Z15,'Фуқаролар рўйхати'!$C$6:$C$10005,$B15,'Фуқаролар рўйхати'!$J$6:$J$10005,Рўйхатлар!$C$6) -> 0 | I15: =SUMIFS('Фуқаролар рўйхати'!$U$6:$U$10005,'Фуқаролар рўйхати'!$B$6:$B$10005,$Z15,'Фуқаролар рўйхати'!$C$6:$C$10005,$B15) -> 41 | J15: =SUMIFS('Фуқаролар рўйхати'!$U$6:$U$10005,'Фуқаролар рўйхати'!$B$6:$B$10005,$Z15,'Фуқаролар рўйхати'!$C$6:$C$10005,$B15) -> 41 | K15: =SUMIFS('Фуқаролар рўйхати'!$U$6:$U$10005,'Фуқаролар рўйхати'!$B$6:$B$10005,$Z15,'Фуқаролар рўйхати'!$C$6:$C$10005,$B15) -> 41 | L15: =SUMIFS('Фуқаролар рўйхати'!$U$6:$U$10005,'Фуқаролар рўйхати'!$B$6:$B$10005,$Z15,'Фуқаролар рўйхати'!$C$6:$C$10005,$B15) -> 41 | M15: =SUMIFS('Фуқаролар рўйхати'!$U$6:$U$10005,'Фуқаролар рўйхати'!$B$6:$B$10005,$Z15,'Фуқаролар рўйхати'!$C$6:$C$10005,$B15) -> 41 | Q15: =COUNTIFS('Фуқаролар рўйхати'!$B$6:$B$10005,$Z15,'Фуқаролар рўйхати'!$C$6:$C$10005,$B15,'Фуқаролар рўйхати'!$N$6:$N$10005,Рўйхатлар!$J$2) -> 0 | R15: =COUNTIFS('Фуқаролар рўйхати'!$B$6:$B$10005,$Z15,'Фуқаролар рўйхати'!$C$6:$C$10005,$B15,'Фуқаролар рўйхати'!$N$6:$N$10005,Рўйхатлар!$J$3) -> 0 | S15: =COUNTIFS('Фуқаролар рўйхати'!$B$6:$B$10005,$Z15,'Фуқаролар рўйхати'!$C$6:$C$10005,$B15,'Фуқаролар рўйхати'!$N$6:$N$10005,Рўйхатлар!$J$4) -> 0 | T15: =COUNTIFS('Фуқаролар рўйхати'!$B$6:$B$10005,$Z15,'Фуқаролар рўйхати'!$C$6:$C$10005,$B15,'Фуқаролар рўйхати'!$N$6:$N$10005,Рўйхатлар!$J$5) -> 0 | U15: =COUNTIFS('Фуқаролар рўйхати'!$B$6:$B$10005,$Z15,'Фуқаролар рўйхати'!$C$6:$C$10005,$B15,'Фуқаролар рўйхати'!$N$6:$N$10005,Рўйхатлар!$J$6) -> 0 | V15: =COUNTIFS('Фуқаролар рўйхати'!$B$6:$B$10005,$Z15,'Фуқаролар рўйхати'!$C$6:$C$10005,$B15,'Фуқаролар рўйхати'!$N$6:$N$10005,Рўйхатлар!$J$7) -> 0 | W15: =COUNTIFS('Фуқаролар рўйхати'!$B$6:$B$10005,$Z15,'Фуқаролар рўйхати'!$C$6:$C$10005,$B15,'Фуқаролар рўйхати'!$N$6:$N$10005,Рўйхатлар!$J$8) -> 0 | X15: =COUNTIFS('Фуқаролар рўйхати'!$B$6:$B$10005,$Z15,'Фуқаролар рўйхати'!$C$6:$C$10005,$B15,'Фуқаролар рўйхати'!$N$6:$N$10005,Рўйхатлар!$J$9) -> 0 | Y15: =COUNTIFS('Фуқаролар рўйхати'!$B$6:$B$10005,$Z15,'Фуқаролар рўйхати'!$C$6:$C$10005,$B15,'Фуқаролар рўйхати'!$N$6:$N$10005,Рўйхатлар!$J$10) -> 0 | Z15: Сирдарё
A16: =+A15+1 -> 10 | B16: Сирдарё т. | C16: =COUNTIFS('Фуқаролар рўйхати'!$B$6:$B$10005,$Z16,'Фуқаролар рўйхати'!$C$6:$C$10005,$B16) -> 364 | D16: =COUNTIFS('Фуқаролар рўйхати'!$B$6:$B$10005,$Z16,'Фуқаролар рўйхати'!$C$6:$C$10005,$B16,'Фуқаролар рўйхати'!$J$6:$J$10005,Рўйхатлар!$C$2) -> 12 | E16: =COUNTIFS('Фуқаролар рўйхати'!$B$6:$B$10005,$Z16,'Фуқаролар рўйхати'!$C$6:$C$10005,$B16,'Фуқаролар рўйхати'!$J$6:$J$10005,Рўйхатлар!$C$3) -> 249 | F16: =COUNTIFS('Фуқаролар рўйхати'!$B$6:$B$10005,$Z16,'Фуқаролар рўйхати'!$C$6:$C$10005,$B16,'Фуқаролар рўйхати'!$J$6:$J$10005,Рўйхатлар!$C$4) -> 9 | G16: =COUNTIFS('Фуқаролар рўйхати'!$B$6:$B$10005,$Z16,'Фуқаролар рўйхати'!$C$6:$C$10005,$B16,'Фуқаролар рўйхати'!$J$6:$J$10005,Рўйхатлар!$C$5) -> 84 | H16: =COUNTIFS('Фуқаролар рўйхати'!$B$6:$B$10005,$Z16,'Фуқаролар рўйхати'!$C$6:$C$10005,$B16,'Фуқаролар рўйхати'!$J$6:$J$10005,Рўйхатлар!$C$6) -> 10 | I16: =SUMIFS('Фуқаролар рўйхати'!$U$6:$U$10005,'Фуқаролар рўйхати'!$B$6:$B$10005,$Z16,'Фуқаролар рўйхати'!$C$6:$C$10005,$B16) -> 143 | J16: =SUMIFS('Фуқаролар рўйхати'!$U$6:$U$10005,'Фуқаролар рўйхати'!$B$6:$B$10005,$Z16,'Фуқаролар рўйхати'!$C$6:$C$10005,$B16) -> 143 | K16: =SUMIFS('Фуқаролар рўйхати'!$U$6:$U$10005,'Фуқаролар рўйхати'!$B$6:$B$10005,$Z16,'Фуқаролар рўйхати'!$C$6:$C$10005,$B16) -> 143 | L16: =SUMIFS('Фуқаролар рўйхати'!$U$6:$U$10005,'Фуқаролар рўйхати'!$B$6:$B$10005,$Z16,'Фуқаролар рўйхати'!$C$6:$C$10005,$B16) -> 143 | M16: =SUMIFS('Фуқаролар рўйхати'!$U$6:$U$10005,'Фуқаролар рўйхати'!$B$6:$B$10005,$Z16,'Фуқаролар рўйхати'!$C$6:$C$10005,$B16) -> 143 | Q16: =COUNTIFS('Фуқаролар рўйхати'!$B$6:$B$10005,$Z16,'Фуқаролар рўйхати'!$C$6:$C$10005,$B16,'Фуқаролар рўйхати'!$N$6:$N$10005,Рўйхатлар!$J$2) -> 0 | R16: =COUNTIFS('Фуқаролар рўйхати'!$B$6:$B$10005,$Z16,'Фуқаролар рўйхати'!$C$6:$C$10005,$B16,'Фуқаролар рўйхати'!$N$6:$N$10005,Рўйхатлар!$J$3) -> 0 | S16: =COUNTIFS('Фуқаролар рўйхати'!$B$6:$B$10005,$Z16,'Фуқаролар рўйхати'!$C$6:$C$10005,$B16,'Фуқаролар рўйхати'!$N$6:$N$10005,Рўйхатлар!$J$4) -> 0 | T16: =COUNTIFS('Фуқаролар рўйхати'!$B$6:$B$10005,$Z16,'Фуқаролар рўйхати'!$C$6:$C$10005,$B16,'Фуқаролар рўйхати'!$N$6:$N$10005,Рўйхатлар!$J$5) -> 0 | U16: =COUNTIFS('Фуқаролар рўйхати'!$B$6:$B$10005,$Z16,'Фуқаролар рўйхати'!$C$6:$C$10005,$B16,'Фуқаролар рўйхати'!$N$6:$N$10005,Рўйхатлар!$J$6) -> 0 | V16: =COUNTIFS('Фуқаролар рўйхати'!$B$6:$B$10005,$Z16,'Фуқаролар рўйхати'!$C$6:$C$10005,$B16,'Фуқаролар рўйхати'!$N$6:$N$10005,Рўйхатлар!$J$7) -> 0 | W16: =COUNTIFS('Фуқаролар рўйхати'!$B$6:$B$10005,$Z16,'Фуқаролар рўйхати'!$C$6:$C$10005,$B16,'Фуқаролар рўйхати'!$N$6:$N$10005,Рўйхатлар!$J$8) -> 0 | X16: =COUNTIFS('Фуқаролар рўйхати'!$B$6:$B$10005,$Z16,'Фуқаролар рўйхати'!$C$6:$C$10005,$B16,'Фуқаролар рўйхати'!$N$6:$N$10005,Рўйхатлар!$J$9) -> 0 | Y16: =COUNTIFS('Фуқаролар рўйхати'!$B$6:$B$10005,$Z16,'Фуқаролар рўйхати'!$C$6:$C$10005,$B16,'Фуқаролар рўйхати'!$N$6:$N$10005,Рўйхатлар!$J$10) -> 0 | Z16: Сирдарё
A17: =+A16+1 -> 11 | B17: Ховос т. | C17: =COUNTIFS('Фуқаролар рўйхати'!$B$6:$B$10005,$Z17,'Фуқаролар рўйхати'!$C$6:$C$10005,$B17) -> 94 | D17: =COUNTIFS('Фуқаролар рўйхати'!$B$6:$B$10005,$Z17,'Фуқаролар рўйхати'!$C$6:$C$10005,$B17,'Фуқаролар рўйхати'!$J$6:$J$10005,Рўйхатлар!$C$2) -> 5 | E17: =COUNTIFS('Фуқаролар рўйхати'!$B$6:$B$10005,$Z17,'Фуқаролар рўйхати'!$C$6:$C$10005,$B17,'Фуқаролар рўйхати'!$J$6:$J$10005,Рўйхатлар!$C$3) -> 14 | F17: =COUNTIFS('Фуқаролар рўйхати'!$B$6:$B$10005,$Z17,'Фуқаролар рўйхати'!$C$6:$C$10005,$B17,'Фуқаролар рўйхати'!$J$6:$J$10005,Рўйхатлар!$C$4) -> 8 | G17: =COUNTIFS('Фуқаролар рўйхати'!$B$6:$B$10005,$Z17,'Фуқаролар рўйхати'!$C$6:$C$10005,$B17,'Фуқаролар рўйхати'!$J$6:$J$10005,Рўйхатлар!$C$5) -> 66 | H17: =COUNTIFS('Фуқаролар рўйхати'!$B$6:$B$10005,$Z17,'Фуқаролар рўйхати'!$C$6:$C$10005,$B17,'Фуқаролар рўйхати'!$J$6:$J$10005,Рўйхатлар!$C$6) -> 1 | I17: =SUMIFS('Фуқаролар рўйхати'!$U$6:$U$10005,'Фуқаролар рўйхати'!$B$6:$B$10005,$Z17,'Фуқаролар рўйхати'!$C$6:$C$10005,$B17) -> 64 | J17: =SUMIFS('Фуқаролар рўйхати'!$U$6:$U$10005,'Фуқаролар рўйхати'!$B$6:$B$10005,$Z17,'Фуқаролар рўйхати'!$C$6:$C$10005,$B17) -> 64 | K17: =SUMIFS('Фуқаролар рўйхати'!$U$6:$U$10005,'Фуқаролар рўйхати'!$B$6:$B$10005,$Z17,'Фуқаролар рўйхати'!$C$6:$C$10005,$B17) -> 64 | L17: =SUMIFS('Фуқаролар рўйхати'!$U$6:$U$10005,'Фуқаролар рўйхати'!$B$6:$B$10005,$Z17,'Фуқаролар рўйхати'!$C$6:$C$10005,$B17) -> 64 | M17: =SUMIFS('Фуқаролар рўйхати'!$U$6:$U$10005,'Фуқаролар рўйхати'!$B$6:$B$10005,$Z17,'Фуқаролар рўйхати'!$C$6:$C$10005,$B17) -> 64 | Q17: =COUNTIFS('Фуқаролар рўйхати'!$B$6:$B$10005,$Z17,'Фуқаролар рўйхати'!$C$6:$C$10005,$B17,'Фуқаролар рўйхати'!$N$6:$N$10005,Рўйхатлар!$J$2) -> 0 | R17: =COUNTIFS('Фуқаролар рўйхати'!$B$6:$B$10005,$Z17,'Фуқаролар рўйхати'!$C$6:$C$10005,$B17,'Фуқаролар рўйхати'!$N$6:$N$10005,Рўйхатлар!$J$3) -> 0 | S17: =COUNTIFS('Фуқаролар рўйхати'!$B$6:$B$10005,$Z17,'Фуқаролар рўйхати'!$C$6:$C$10005,$B17,'Фуқаролар рўйхати'!$N$6:$N$10005,Рўйхатлар!$J$4) -> 0 | T17: =COUNTIFS('Фуқаролар рўйхати'!$B$6:$B$10005,$Z17,'Фуқаролар рўйхати'!$C$6:$C$10005,$B17,'Фуқаролар рўйхати'!$N$6:$N$10005,Рўйхатлар!$J$5) -> 0 | U17: =COUNTIFS('Фуқаролар рўйхати'!$B$6:$B$10005,$Z17,'Фуқаролар рўйхати'!$C$6:$C$10005,$B17,'Фуқаролар рўйхати'!$N$6:$N$10005,Рўйхатлар!$J$6) -> 0 | V17: =COUNTIFS('Фуқаролар рўйхати'!$B$6:$B$10005,$Z17,'Фуқаролар рўйхати'!$C$6:$C$10005,$B17,'Фуқаролар рўйхати'!$N$6:$N$10005,Рўйхатлар!$J$7) -> 0 | W17: =COUNTIFS('Фуқаролар рўйхати'!$B$6:$B$10005,$Z17,'Фуқаролар рўйхати'!$C$6:$C$10005,$B17,'Фуқаролар рўйхати'!$N$6:$N$10005,Рўйхатлар!$J$8) -> 0 | X17: =COUNTIFS('Фуқаролар рўйхати'!$B$6:$B$10005,$Z17,'Фуқаролар рўйхати'!$C$6:$C$10005,$B17,'Фуқаролар рўйхати'!$N$6:$N$10005,Рўйхатлар!$J$9) -> 0 | Y17: =COUNTIFS('Фуқаролар рўйхати'!$B$6:$B$10005,$Z17,'Фуқаролар рўйхати'!$C$6:$C$10005,$B17,'Фуқаролар рўйхати'!$N$6:$N$10005,Рўйхатлар!$J$10) -> 0 | Z17: Сирдарё

Sheet Фуқаролар рўйхати
A1: «Доимий ишга жойлаштирилди» йўналиши бўйича фуқаролар рўйхати
A2: («Туманлар кесимида» ва «Республика» сводлари шу варақдан автоматик ҳисобланади)
A3: № | B3: Фуқаро ва ҳудуд маълумотлари | L3: 1. Доимий ишга жойлаштирилди | R3: Қўшимча | T3: Автоматик (тўлдирилмайди)
B4: Вилоят | C4: Туман (шаҳар) номи | D4: Туман коди (СОАТО) | E4: МФЙ номи | F4: МФЙ коди | G4: Фуқаронинг Ф.И.Ш. | H4: ЖШШИР (ПИНФЛ) | I4: Телефон рақами | J4: Хатловдаги тоифаси | K4: Ишга қабул қилинган сана | L4: Иш берувчи ташкилот номи | M4: Ташкилот СТИРи | N4: Корхона фаолият соҳаси | O4: Лавозими | P4: Ойлик иш ҳақи (сўм) | Q4: Меҳнат шартномаси (буйруқ) рақами | R4: Изоҳ | S4: Масъул ходим (Ф.И.Ш.) | T4: Текширув | U4: Ноёб корхона (туманда биринчи ёзув)
A5: 1 | B5: 2 | C5: 3 | D5: 4 | E5: 5 | F5: 6 | G5: 7 | H5: 8 | I5: 9 | J5: 10 | K5: 11 | L5: 12 | M5: 13 | N5: 14 | O5: 15 | P5: 16 | Q5: 17 | R5: 18 | S5: 19 | T5: 20 | U5: 21
A6: =IF(H6="","",COUNTA($H$6:H6)) -> 1 | T6: =IF(H6="","",IF(LEN(H6)<>14,"ПИНФЛ 14 хонали эмас",IF(B6="","Вилоят танланмаган",IF(C6="","Туман танланмаган",IF(COUNTIFS(Рўйхатлар!$H$2:$H$209,B6,Рўйхатлар!$I$2:$I$209,C6)=0,"Туман вилоятга мос эмас",IF(J6="","Хатлов тоифаси танланмаган",IF(K6="","Сана кўрсатилмаган",IF(COUNTIF($H$6:$H$10005,H6)>1,"Такрорий ПИНФЛ",IF(OR(L6="",M6="",N6="",O6="",P6=""),"Корхона, СТИР, соҳа, лавозим ёки ойлик кўрсатилмаган","✓"))))))))) -> Сана кўрсатилмаган | U6: =IF(OR(H6="",M6=""),"",IF(COUNTIFS($B$6:B6,B6,$C$6:C6,C6,$M$6:M6,M6)=1,1,0)) -> 1
A7: =IF(H7="","",COUNTA($H$6:H7)) -> 2 | T7: =IF(H7="","",IF(LEN(H7)<>14,"ПИНФЛ 14 хонали эмас",IF(B7="","Вилоят танланмаган",IF(C7="","Туман танланмаган",IF(COUNTIFS(Рўйхатлар!$H$2:$H$209,B7,Рўйхатлар!$I$2:$I$209,C7)=0,"Туман вилоятга мос эмас",IF(J7="","Хатлов тоифаси танланмаган",IF(K7="","Сана кўрсатилмаган",IF(COUNTIF($H$6:$H$10005,H7)>1,"Такрорий ПИНФЛ",IF(OR(L7="",M7="",N7="",O7="",P7=""),"Корхона, СТИР, соҳа, лавозим ёки ойлик кўрсатилмаган","✓"))))))))) -> Сана кўрсатилмаган | U7: =IF(OR(H7="",M7=""),"",IF(COUNTIFS($B$6:B7,B7,$C$6:C7,C7,$M$6:M7,M7)=1,1,0)) -> 1
A8: =IF(H8="","",COUNTA($H$6:H8)) -> 3 | T8: =IF(H8="","",IF(LEN(H8)<>14,"ПИНФЛ 14 хонали эмас",IF(B8="","Вилоят танланмаган",IF(C8="","Туман танланмаган",IF(COUNTIFS(Рўйхатлар!$H$2:$H$209,B8,Рўйхатлар!$I$2:$I$209,C8)=0,"Туман вилоятга мос эмас",IF(J8="","Хатлов тоифаси танланмаган",IF(K8="","Сана кўрсатилмаган",IF(COUNTIF($H$6:$H$10005,H8)>1,"Такрорий ПИНФЛ",IF(OR(L8="",M8="",N8="",O8="",P8=""),"Корхона, СТИР, соҳа, лавозим ёки ойлик кўрсатилмаган","✓"))))))))) -> Сана кўрсатилмаган | U8: =IF(OR(H8="",M8=""),"",IF(COUNTIFS($B$6:B8,B8,$C$6:C8,C8,$M$6:M8,M8)=1,1,0)) -> 1
A9: =IF(H9="","",COUNTA($H$6:H9)) -> 4 | T9: =IF(H9="","",IF(LEN(H9)<>14,"ПИНФЛ 14 хонали эмас",IF(B9="","Вилоят танланмаган",IF(C9="","Туман танланмаган",IF(COUNTIFS(Рўйхатлар!$H$2:$H$209,B9,Рўйхатлар!$I$2:$I$209,C9)=0,"Туман вилоятга мос эмас",IF(J9="","Хатлов тоифаси танланмаган",IF(K9="","Сана кўрсатилмаган",IF(COUNTIF($H$6:$H$10005,H9)>1,"Такрорий ПИНФЛ",IF(OR(L9="",M9="",N9="",O9="",P9=""),"Корхона, СТИР, соҳа, лавозим ёки ойлик кўрсатилмаган","✓"))))))))) -> Сана кўрсатилмаган | U9: =IF(OR(H9="",M9=""),"",IF(COUNTIFS($B$6:B9,B9,$C$6:C9,C9,$M$6:M9,M9)=1,1,0)) -> 1
A10: =IF(H10="","",COUNTA($H$6:H10)) -> 5 | T10: =IF(H10="","",IF(LEN(H10)<>14,"ПИНФЛ 14 хонали эмас",IF(B10="","Вилоят танланмаган",IF(C10="","Туман танланмаган",IF(COUNTIFS(Рўйхатлар!$H$2:$H$209,B10,Рўйхатлар!$I$2:$I$209,C10)=0,"Туман вилоятга мос эмас",IF(J10="","Хатлов тоифаси танланмаган",IF(K10="","Сана кўрсатилмаган",IF(COUNTIF($H$6:$H$10005,H10)>1,"Такрорий ПИНФЛ",IF(OR(L10="",M10="",N10="",O10="",P10=""),"Корхона, СТИР, соҳа, лавозим ёки ойлик кўрсатилмаган","✓"))))))))) -> Сана кўрсатилмаган | U10: =IF(OR(H10="",M10=""),"",IF(COUNTIFS($B$6:B10,B10,$C$6:C10,C10,$M$6:M10,M10)=1,1,0)) -> 1
A11: =IF(H11="","",COUNTA($H$6:H11)) -> 6 | T11: =IF(H11="","",IF(LEN(H11)<>14,"ПИНФЛ 14 хонали эмас",IF(B11="","Вилоят танланмаган",IF(C11="","Туман танланмаган",IF(COUNTIFS(Рўйхатлар!$H$2:$H$209,B11,Рўйхатлар!$I$2:$I$209,C11)=0,"Туман вилоятга мос эмас",IF(J11="","Хатлов тоифаси танланмаган",IF(K11="","Сана кўрсатилмаган",IF(COUNTIF($H$6:$H$10005,H11)>1,"Такрорий ПИНФЛ",IF(OR(L11="",M11="",N11="",O11="",P11=""),"Корхона, СТИР, соҳа, лавозим ёки ойлик кўрсатилмаган","✓"))))))))) -> Сана кўрсатилмаган | U11: =IF(OR(H11="",M11=""),"",IF(COUNTIFS($B$6:B11,B11,$C$6:C11,C11,$M$6:M11,M11)=1,1,0)) -> 1
A12: =IF(H12="","",COUNTA($H$6:H12)) -> 7 | T12: =IF(H12="","",IF(LEN(H12)<>14,"ПИНФЛ 14 хонали эмас",IF(B12="","Вилоят танланмаган",IF(C12="","Туман танланмаган",IF(COUNTIFS(Рўйхатлар!$H$2:$H$209,B12,Рўйхатлар!$I$2:$I$209,C12)=0,"Туман вилоятга мос эмас",IF(J12="","Хатлов тоифаси танланмаган",IF(K12="","Сана кўрсатилмаган",IF(COUNTIF($H$6:$H$10005,H12)>1,"Такрорий ПИНФЛ",IF(OR(L12="",M12="",N12="",O12="",P12=""),"Корхона, СТИР, соҳа, лавозим ёки ойлик кўрсатилмаган","✓"))))))))) -> Сана кўрсатилмаган | U12: =IF(OR(H12="",M12=""),"",IF(COUNTIFS($B$6:B12,B12,$C$6:C12,C12,$M$6:M12,M12)=1,1,0)) -> 1
A13: =IF(H13="","",COUNTA($H$6:H13)) -> 8 | T13: =IF(H13="","",IF(LEN(H13)<>14,"ПИНФЛ 14 хонали эмас",IF(B13="","Вилоят танланмаган",IF(C13="","Туман танланмаган",IF(COUNTIFS(Рўйхатлар!$H$2:$H$209,B13,Рўйхатлар!$I$2:$I$209,C13)=0,"Туман вилоятга мос эмас",IF(J13="","Хатлов тоифаси танланмаган",IF(K13="","Сана кўрсатилмаган",IF(COUNTIF($H$6:$H$10005,H13)>1,"Такрорий ПИНФЛ",IF(OR(L13="",M13="",N13="",O13="",P13=""),"Корхона, СТИР, соҳа, лавозим ёки ойлик кўрсатилмаган","✓"))))))))) -> Сана кўрсатилмаган | U13: =IF(OR(H13="",M13=""),"",IF(COUNTIFS($B$6:B13,B13,$C$6:C13,C13,$M$6:M13,M13)=1,1,0)) -> 1
A14: =IF(H14="","",COUNTA($H$6:H14)) -> 9 | T14: =IF(H14="","",IF(LEN(H14)<>14,"ПИНФЛ 14 хонали эмас",IF(B14="","Вилоят танланмаган",IF(C14="","Туман танланмаган",IF(COUNTIFS(Рўйхатлар!$H$2:$H$209,B14,Рўйхатлар!$I$2:$I$209,C14)=0,"Туман вилоятга мос эмас",IF(J14="","Хатлов тоифаси танланмаган",IF(K14="","Сана кўрсатилмаган",IF(COUNTIF($H$6:$H$10005,H14)>1,"Такрорий ПИНФЛ",IF(OR(L14="",M14="",N14="",O14="",P14=""),"Корхона, СТИР, соҳа, лавозим ёки ойлик кўрсатилмаган","✓"))))))))) -> Сана кўрсатилмаган | U14: =IF(OR(H14="",M14=""),"",IF(COUNTIFS($B$6:B14,B14,$C$6:C14,C14,$M$6:M14,M14)=1,1,0)) -> 1
A15: =IF(H15="","",COUNTA($H$6:H15)) -> 10 | T15: =IF(H15="","",IF(LEN(H15)<>14,"ПИНФЛ 14 хонали эмас",IF(B15="","Вилоят танланмаган",IF(C15="","Туман танланмаган",IF(COUNTIFS(Рўйхатлар!$H$2:$H$209,B15,Рўйхатлар!$I$2:$I$209,C15)=0,"Туман вилоятга мос эмас",IF(J15="","Хатлов тоифаси танланмаган",IF(K15="","Сана кўрсатилмаган",IF(COUNTIF($H$6:$H$10005,H15)>1,"Такрорий ПИНФЛ",IF(OR(L15="",M15="",N15="",O15="",P15=""),"Корхона, СТИР, соҳа, лавозим ёки ойлик кўрсатилмаган","✓"))))))))) -> Сана кўрсатилмаган | U15: =IF(OR(H15="",M15=""),"",IF(COUNTIFS($B$6:B15,B15,$C$6:C15,C15,$M$6:M15,M15)=1,1,0)) -> 1
A16: =IF(H16="","",COUNTA($H$6:H16)) -> 11 | T16: =IF(H16="","",IF(LEN(H16)<>14,"ПИНФЛ 14 хонали эмас",IF(B16="","Вилоят танланмаган",IF(C16="","Туман танланмаган",IF(COUNTIFS(Рўйхатлар!$H$2:$H$209,B16,Рўйхатлар!$I$2:$I$209,C16)=0,"Туман вилоятга мос эмас",IF(J16="","Хатлов тоифаси танланмаган",IF(K16="","Сана кўрсатилмаган",IF(COUNTIF($H$6:$H$10005,H16)>1,"Такрорий ПИНФЛ",IF(OR(L16="",M16="",N16="",O16="",P16=""),"Корхона, СТИР, соҳа, лавозим ёки ойлик кўрсатилмаган","✓"))))))))) -> Сана кўрсатилмаган | U16: =IF(OR(H16="",M16=""),"",IF(COUNTIFS($B$6:B16,B16,$C$6:C16,C16,$M$6:M16,M16)=1,1,0)) -> 1
A17: =IF(H17="","",COUNTA($H$6:H17)) -> 12 | T17: =IF(H17="","",IF(LEN(H17)<>14,"ПИНФЛ 14 хонали эмас",IF(B17="","Вилоят танланмаган",IF(C17="","Туман танланмаган",IF(COUNTIFS(Рўйхатлар!$H$2:$H$209,B17,Рўйхатлар!$I$2:$I$209,C17)=0,"Туман вилоятга мос эмас",IF(J17="","Хатлов тоифаси танланмаган",IF(K17="","Сана кўрсатилмаган",IF(COUNTIF($H$6:$H$10005,H17)>1,"Такрорий ПИНФЛ",IF(OR(L17="",M17="",N17="",O17="",P17=""),"Корхона, СТИР, соҳа, лавозим ёки ойлик кўрсатилмаган","✓"))))))))) -> Сана кўрсатилмаган | U17: =IF(OR(H17="",M17=""),"",IF(COUNTIFS($B$6:B17,B17,$C$6:C17,C17,$M$6:M17,M17)=1,1,0)) -> 1
... A10005: =IF(H10005="","",COUNTA($H$6:H10005)) | T10005: =IF(H10005="","",IF(LEN(H10005)<>14,"ПИНФЛ 14 хонали эмас",IF(B10005="","Вилоят танланмаган",IF(C10005="","Туман танланмаган",IF(COUNTIFS(Рўйхатлар!$H$2:$H$209,B10005,Рўйхатлар!$I$2:$I$209,C10005)=0,"Туман вилоятга мос эмас",IF(J10005="","Хатлов тоифаси танланмаган",IF(K10005="","Сана кўрсатилмаган",IF(COUNTIF($H$6:$H$10005,H10005)>1,"Такрорий ПИНФЛ",IF(OR(L10005="",M10005="",N10005="",O10005="",P10005=""),"Корхона, СТИР, соҳа, лавозим ёки ойлик кўрсатилмаган","✓"))))))))) | U10005: =IF(OR(H10005="",M10005=""),"",IF(COUNTIFS($B$6:B10005,B10005,$C$6:C10005,C10005,$M$6:M10005,M10005)=1,1,0))

Sheet Тўлдириш намунаси
A1: ТЎЛДИРИШ НАМУНАСИ — «Доимий ишга жойлаштирилди» (шартли маълумотлар, мисол учун)
A3: № | B3: Фуқаро ва ҳудуд маълумотлари | L3: 1. Доимий ишга жойлаштирилди
B4: Вилоят | C4: Туман (шаҳар) номи | D4: Туман коди (СОАТО) | E4: МФЙ номи | F4: МФЙ коди | G4: Фуқаронинг Ф.И.Ш. | H4: ЖШШИР (ПИНФЛ) | I4: Телефон рақами | J4: Хатловдаги тоифаси | K4: Ишга қабул қилинган сана | L4: Иш берувчи ташкилот номи | M4: Ташкилот СТИРи | N4: Корхона фаолият соҳаси | O4: Лавозими | P4: Ойлик иш ҳақи (сўм) | Q4: Меҳнат шартномаси (буйруқ) рақами | R4: Изоҳ | S4: Масъул ходим (Ф.И.Ш.)
A5: 1 | B5: Андижон | C5: Асака т. | D5: 1703206 | E5: Навбаҳор МФЙ | F5: 170320601 | G5: Алиев Жасур Ботирович | H5: 31505901234567 | I5: +998 90 123 45 67 | J5: Ишсиз | K5: 46267 | L5: «Асака текстиль» МЧЖ | M5: 305123456 | N5: Саноат (ишлаб чиқариш) | O5: Тикувчи | P5: 3500000 | Q5: № 145-к
A6: 2 | B6: Андижон | C6: Асака т. | D6: 1703206 | E6: Гулистон МФЙ | F6: 170320604 | G6: Юсупова Мадина Рустамовна | H6: 42506004567890 | I6: +998 94 456 78 90 | J6: Ишсиз | K6: 46275 | L6: «Асака текстиль» МЧЖ | M6: 305123456 | N6: Саноат (ишлаб чиқариш) | O6: Тикувчи | P6: 3200000 | Q6: № 152-к

Sheet Рўйхатлар
A1: Вилоятлар | B1: Бандлик йўналишлари | C1: Хатлов тоифалари | D1: Банклар | E1: Субсидия/ссуда | F1: Ўқиш ҳолати | H1: Вилоят | I1: Туман (шаҳар) | J1: Фаолият соҳалари | K1: Деҳқон хўжалиги йўналишлари
A2: Қорақалпоғистон Р. | B2: Доимий ишга жойлаштирилди | C2: Ишсиз | D2: Агробанк | E2: Субсидия | F2: Ўқимоқда | H2: Қорақалпоғистон Р. | I2: Нукус ш. | J2: Саноат (ишлаб чиқариш) | K2: Боғдорчилик
A3: Андижон | B3: Субсидия, ссуда ажратилди | C3: Тадбиркорлик ташаббуси бор | D3: Халқ банки | E3: Ссуда | F3: Ўқишни тугатди | H3: Қорақалпоғистон Р. | I3: Амударё т. | J3: Қурилиш | K3: Узумчилик
A4: Бухоро | B4: Кредит ажратилди | C4: Ишлайди, лекин даромади паст | D4: Микрокредитбанк | F4: Сертификат олди | H4: Қорақалпоғистон Р. | I4: Беруний т. | J4: Қишлоқ хўжалиги | K4: Сабзавотчилик
A5: Жиззах | B5: Касб-хунарга ўқитишга жалб қилинди | C5: Норасмий бандлар | D5: Бизнесни ривожлантириш банки | F5: Ўқишни ташлаб кетди | H5: Қорақалпоғистон Р. | I5: Бўзатов т. | J5: Савдо | K5: Полизчилик
A6: Қашқадарё | B6: ЯТТ ташкил этди | C6: Ишлаш истаги йўқ | D6: Ипотека банк | H6: Қорақалпоғистон Р. | I6: Кегейли т. | J6: Хизмат кўрсатиш | K6: Иссиқхона
A7: Навоий | B7: МЧЖ ташкил этди | D7: Саноатқурилишбанк | H7: Қорақалпоғистон Р. | I7: Қанликўл т. | J7: Транспорт ва логистика | K7: Чорвачилик
A8: Наманган | B8: Деҳқон хўжалиги ташкил этди | D8: Миллий банк | H8: Қорақалпоғистон Р. | I8: Қораўзак т. | J8: Ҳунармандчилик | K8: Паррандачилик
A9: Самарқанд | B9: Ўзини ўзи банд қилинди | D9: Асакабанк | H9: Қорақалпоғистон Р. | I9: Қўнғирот т. | J9: Ижтимоий соҳа (таълим, соғлиқни сақлаш) | K9: Асаларичилик
A10: Сурхондарё | D10: Туронбанк | H10: Қорақалпоғистон Р. | I10: Мўйноқ т. | J10: Бошқа | K10: Бошқа
A11: Сирдарё | D11: Ҳамкорбанк | H11: Қорақалпоғистон Р. | I11: Нукус т.
A12: Тошкент | D12: Ипак йўли банки | H12: Қорақалпоғистон Р. | I12: Тахиатош т.
A13: Фарғона | D13: Капиталбанк | H13: Қорақалпоғистон Р. | I13: Тахтакўпир т.
A14: Хоразм | D14: Бошқа банк | H14: Қорақалпоғистон Р. | I14: Тўрткўл т.
A15: Тошкент ш. | H15: Қорақалпоғистон Р. | I15: Хўжайли т.
H16: Қорақалпоғистон Р. | I16: Чимбой т.
H17: Қорақалпоғистон Р. | I17: Шуманай т.
H18: Қорақалпоғистон Р. | I18: Элликқалъа т.
H19: Андижон | I19: Андижон ш.
H20: Андижон | I20: Хонобод ш.
H21: Андижон | I21: Андижон т.
H22: Андижон | I22: Асака т.
H23: Андижон | I23: Балиқчи т.
H24: Андижон | I24: Булоқбоши т.
H25: Андижон | I25: Бўстон т.
H26: Андижон | I26: Жалақудуқ т.
H27: Андижон | I27: Избоскан т.
... H209: Тошкент ш. | I209: Яшнобод т.
