Workbook

Sheet Йўриқнома
B1: ЯТТ, МЧЖ ва деҳқон хўжалиги — номма-ном рўйхатни юритиш тартиби
B3: Мавсум бошланган сана | C3: 46023 | D3: ← мавсум бошини аниқлаштириб қўйинг (ҳозир 01.01.2026 деб олинди)
B4: Ҳисобот санаси | C4: 46312 | D4: ← ҳар куни ҳисобот олишдан олдин шу санани ўзгартиринг
B6: Қандай ишлайди
B7: 1. Маҳалла банкири ҳар бир янги ЯТТ, МЧЖ ёки деҳқон хўжалигини «Номма-ном» варағига битта қатор қилиб киритади (давлат рўйхатидан ўтган кунида ёки эртасига).
B8: 2. «Свод вилоят» ва «Свод туман» ўзи ҳисобланади: мавсум бошидан = мавсум бошидан ҳисобот санасигача рўйхатдан ўтганлар; бир кунда = айнан ҳисобот санасида рўйхатдан ўтганлар; реестрдаги = «Реестрда» устунида «Ҳа».
B9: 3. Олдинги кун рақамини яширин устунда сақлаб, айириш шарт эмас — «бир кунда» сана бўйича автоматик чиқади.
B10: 4. Ҳар куни: (1) янги қаторлар киритилади → (2) C4 да ҳисобот санаси қўйилади → (3) Свод варағи PDF/расм қилиб Штабга юборилади.
B12: Тўлдириш қоидалари
B13: • Вилоят, туман, шакл, соҳа, реестр, кўмак тури, манба — фақат рўйхатдан танланади.
B14: • ЖШШИР — 14 рақам, СТИР — 9 рақам (матн кўринишида). Хато бўлса катак қизил бўлади.
B15: • «Давлат рўйхатидан ўтган сана» ва «Реестрда» — мажбурий. Бўш қолса қизил бўлади, сана бўлмаса Сводга тушмайди.
B16: • МЧЖ ва ДХ учун корхона номи, ДХ учун ер майдони ёзилади (бўш бўлса сариқ). МЧЖ учун «Яратилган иш ўрни» — МЧЖга ишга олинганлар сони.
B17: • Битта фуқаро бир нечта шакл очган бўлса (масалан ЯТТ ва ДХ) — ҳар бири алоҳида қатор.
B18: • Бу фуқаролар асосий «Номма-ном (Хатлов)» файлида ҳам бандлик тури «ЯТТ / МЧЖ / Деҳқон хўжалиги ташкил этди» билан белгиланади — иккала файлда ЖШШИР бир хил бўлиши керак.
... B21: Намуна қатор (кўриш учун; Номма-ном варағига кўчирманг, шахс ўйлаб топилган)
B22: № | C22: Вилоят | D22: Туман (шаҳар) | E22: Маҳалла номи | F22: Фамилияси, исми, отасининг исми | G22: ЖШШИР (ПИНФЛ) 14 рақам | H22: Туғилган санаси | I22: Жинси | J22: Телефон рақами | K22: Ташкил этилган шакли | L22: Корхона (хўжалик) номи МЧЖ ва ДХ учун | M22: СТИР (ИНН) 9 рақам | N22: Давлат рўйхатидан ўтган сана | O22: Фаолият соҳаси | P22: Реестрда (Ҳа/Йўқ) | Q22: Молиявий кўмак тури | R22: Ажратилган маблағ (млн сўм) | S22: Яратилган иш ўрни (нафар) | T22: Ер майдони (га) ДХ учун | U22: Маълумот манбаи | V22: Масъул маҳалла банкири | W22: Изоҳ
B23: 1 | C23: Сирдарё | D23: Сардоба | E23: Пахтаобод | F23: Тошматов Улуғбек Раҳимович | G23: 32104915670018 | H23: 21.04.1991 | I23: Эркак | J23: +998 91 234 56 78 | K23: Деҳқон хўжалиги | L23: «Улуғбек Сардоба» ДХ | M23: 312345678 | N23: 10.10.2026 | O23: Иссиқхона | P23: Ҳа | Q23: Кредит | R23: 50 | S23: 2 | T23: 0.15 | U23: Портфел (АБС) | V23: Аҳмедов Санжар | W23: Иссиқхона 0,15 га

Sheet Тоифалар кесимида
A1: Сирдарё вилоятида хатлов тоифалари асосида фуқаролардан ЯТТ, МЧЖ ва деҳқон хўжалиги ташкил этганлар тўғрисида маълумот
A2: 15-17.10.2026 йил ҳолатига (нафар)
A3: № | B3: Туман (шаҳар) | C3: Жами ташкил этилган | D3: шундан | G3: Хатлов тоифалари бўйича жами | H3: шундан
D4: ЯТТ | E4: МЧЖ | F4: Деҳқон хўжалиги | H4: Ишсиз | I4: Тадбиркорлик ташаббуси бор | J4: Ишлайди, лекин даромади паст | K4: Норасмий бандлар | L4: Ишлаш истаги йўқ
B5: Жами | C5: =+D5+E5+F5 -> 516 | D5: =SUM(D6:D16) -> 278 | E5: =SUM(E6:E16) -> 0 | F5: =SUM(F6:F16) -> 238 | G5: =SUM(G6:G16) -> 516 | H5: =SUM(H6:H16) -> 54 | I5: =SUM(I6:I16) -> 228 | J5: =SUM(J6:J16) -> 11 | K5: =SUM(K6:K16) -> 210 | L5: =SUM(L6:L16) -> 13
A6: 1 | B6: Боёвут | C6: =+D6+E6+F6 -> 62 | D6: 32 | E6: 0 | F6: 30 | G6: =+H6+I6+J6+K6+L6 -> 62 | H6: =+COUNTIFS('Номма-ном'!C:C,'Тоифалар кесимида'!B6,'Номма-ном'!W:W,'Тоифалар кесимида'!$H$4) -> 6 | I6: =+COUNTIFS('Номма-ном'!C:C,'Тоифалар кесимида'!B6,'Номма-ном'!W:W,'Тоифалар кесимида'!$I$4) -> 20 | J6: =+COUNTIFS('Номма-ном'!C:C,'Тоифалар кесимида'!B6,'Номма-ном'!W:W,'Тоифалар кесимида'!$J$4) -> 1 | K6: =+COUNTIFS('Номма-ном'!C:C,'Тоифалар кесимида'!B6,'Номма-ном'!W:W,'Тоифалар кесимида'!$K$4) -> 35 | L6: =+COUNTIFS('Номма-ном'!C:C,'Тоифалар кесимида'!B6,'Номма-ном'!W:W,'Тоифалар кесимида'!$L$4) -> 0
A7: 2 | B7: Гулистон тумани | C7: =+D7+E7+F7 -> 38 | D7: 26 | E7: 0 | F7: 12 | G7: =+H7+I7+J7+K7+L7 -> 38 | H7: =+COUNTIFS('Номма-ном'!C:C,'Тоифалар кесимида'!B7,'Номма-ном'!W:W,'Тоифалар кесимида'!$H$4) -> 1 | I7: =+COUNTIFS('Номма-ном'!C:C,'Тоифалар кесимида'!B7,'Номма-ном'!W:W,'Тоифалар кесимида'!$I$4) -> 20 | J7: =+COUNTIFS('Номма-ном'!C:C,'Тоифалар кесимида'!B7,'Номма-ном'!W:W,'Тоифалар кесимида'!$J$4) -> 2 | K7: =+COUNTIFS('Номма-ном'!C:C,'Тоифалар кесимида'!B7,'Номма-ном'!W:W,'Тоифалар кесимида'!$K$4) -> 13 | L7: =+COUNTIFS('Номма-ном'!C:C,'Тоифалар кесимида'!B7,'Номма-ном'!W:W,'Тоифалар кесимида'!$L$4) -> 2
A8: 3 | B8: Мирзаобод | C8: =+D8+E8+F8 -> 59 | D8: 27 | E8: 0 | F8: 32 | G8: =+H8+I8+J8+K8+L8 -> 59 | H8: =+COUNTIFS('Номма-ном'!C:C,'Тоифалар кесимида'!B8,'Номма-ном'!W:W,'Тоифалар кесимида'!$H$4) -> 5 | I8: =+COUNTIFS('Номма-ном'!C:C,'Тоифалар кесимида'!B8,'Номма-ном'!W:W,'Тоифалар кесимида'!$I$4) -> 35 | J8: =+COUNTIFS('Номма-ном'!C:C,'Тоифалар кесимида'!B8,'Номма-ном'!W:W,'Тоифалар кесимида'!$J$4) -> 1 | K8: =+COUNTIFS('Номма-ном'!C:C,'Тоифалар кесимида'!B8,'Номма-ном'!W:W,'Тоифалар кесимида'!$K$4) -> 15 | L8: =+COUNTIFS('Номма-ном'!C:C,'Тоифалар кесимида'!B8,'Номма-ном'!W:W,'Тоифалар кесимида'!$L$4) -> 3
A9: 4 | B9: Оқолтин | C9: =+D9+E9+F9 -> 16 | D9: 7 | E9: 0 | F9: 9 | G9: =+H9+I9+J9+K9+L9 -> 16 | H9: =+COUNTIFS('Номма-ном'!C:C,'Тоифалар кесимида'!B9,'Номма-ном'!W:W,'Тоифалар кесимида'!$H$4) -> 0 | I9: =+COUNTIFS('Номма-ном'!C:C,'Тоифалар кесимида'!B9,'Номма-ном'!W:W,'Тоифалар кесимида'!$I$4) -> 7 | J9: =+COUNTIFS('Номма-ном'!C:C,'Тоифалар кесимида'!B9,'Номма-ном'!W:W,'Тоифалар кесимида'!$J$4) -> 0 | K9: =+COUNTIFS('Номма-ном'!C:C,'Тоифалар кесимида'!B9,'Номма-ном'!W:W,'Тоифалар кесимида'!$K$4) -> 8 | L9: =+COUNTIFS('Номма-ном'!C:C,'Тоифалар кесимида'!B9,'Номма-ном'!W:W,'Тоифалар кесимида'!$L$4) -> 1
A10: 5 | B10: Сайхунобод | C10: =+D10+E10+F10 -> 45 | D10: 16 | E10: 0 | F10: 29 | G10: =+H10+I10+J10+K10+L10 -> 45 | H10: =+COUNTIFS('Номма-ном'!C:C,'Тоифалар кесимида'!B10,'Номма-ном'!W:W,'Тоифалар кесимида'!$H$4) -> 5 | I10: =+COUNTIFS('Номма-ном'!C:C,'Тоифалар кесимида'!B10,'Номма-ном'!W:W,'Тоифалар кесимида'!$I$4) -> 18 | J10: =+COUNTIFS('Номма-ном'!C:C,'Тоифалар кесимида'!B10,'Номма-ном'!W:W,'Тоифалар кесимида'!$J$4) -> 0 | K10: =+COUNTIFS('Номма-ном'!C:C,'Тоифалар кесимида'!B10,'Номма-ном'!W:W,'Тоифалар кесимида'!$K$4) -> 22 | L10: =+COUNTIFS('Номма-ном'!C:C,'Тоифалар кесимида'!B10,'Номма-ном'!W:W,'Тоифалар кесимида'!$L$4) -> 0
A11: 6 | B11: Сардоба | C11: =+D11+E11+F11 -> 39 | D11: 15 | E11: 0 | F11: 24 | G11: =+H11+I11+J11+K11+L11 -> 39 | H11: =+COUNTIFS('Номма-ном'!C:C,'Тоифалар кесимида'!B11,'Номма-ном'!W:W,'Тоифалар кесимида'!$H$4) -> 7 | I11: =+COUNTIFS('Номма-ном'!C:C,'Тоифалар кесимида'!B11,'Номма-ном'!W:W,'Тоифалар кесимида'!$I$4) -> 8 | J11: =+COUNTIFS('Номма-ном'!C:C,'Тоифалар кесимида'!B11,'Номма-ном'!W:W,'Тоифалар кесимида'!$J$4) -> 1 | K11: =+COUNTIFS('Номма-ном'!C:C,'Тоифалар кесимида'!B11,'Номма-ном'!W:W,'Тоифалар кесимида'!$K$4) -> 23 | L11: =+COUNTIFS('Номма-ном'!C:C,'Тоифалар кесимида'!B11,'Номма-ном'!W:W,'Тоифалар кесимида'!$L$4) -> 0
A12: 7 | B12: Сирдарё тумани | C12: =+D12+E12+F12 -> 103 | D12: 61 | E12: 0 | F12: 42 | G12: =+H12+I12+J12+K12+L12 -> 103 | H12: =+COUNTIFS('Номма-ном'!C:C,'Тоифалар кесимида'!B12,'Номма-ном'!W:W,'Тоифалар кесимида'!$H$4) -> 15 | I12: =+COUNTIFS('Номма-ном'!C:C,'Тоифалар кесимида'!B12,'Номма-ном'!W:W,'Тоифалар кесимида'!$I$4) -> 63 | J12: =+COUNTIFS('Номма-ном'!C:C,'Тоифалар кесимида'!B12,'Номма-ном'!W:W,'Тоифалар кесимида'!$J$4) -> 3 | K12: =+COUNTIFS('Номма-ном'!C:C,'Тоифалар кесимида'!B12,'Номма-ном'!W:W,'Тоифалар кесимида'!$K$4) -> 17 | L12: =+COUNTIFS('Номма-ном'!C:C,'Тоифалар кесимида'!B12,'Номма-ном'!W:W,'Тоифалар кесимида'!$L$4) -> 5
A13: 8 | B13: Ховос | C13: =+D13+E13+F13 -> 76 | D13: 27 | E13: 0 | F13: 49 | G13: =+H13+I13+J13+K13+L13 -> 76 | H13: =+COUNTIFS('Номма-ном'!C:C,'Тоифалар кесимида'!B13,'Номма-ном'!W:W,'Тоифалар кесимида'!$H$4) -> 8 | I13: =+COUNTIFS('Номма-ном'!C:C,'Тоифалар кесимида'!B13,'Номма-ном'!W:W,'Тоифалар кесимида'!$I$4) -> 25 | J13: =+COUNTIFS('Номма-ном'!C:C,'Тоифалар кесимида'!B13,'Номма-ном'!W:W,'Тоифалар кесимида'!$J$4) -> 1 | K13: =+COUNTIFS('Номма-ном'!C:C,'Тоифалар кесимида'!B13,'Номма-ном'!W:W,'Тоифалар кесимида'!$K$4) -> 42 | L13: =+COUNTIFS('Номма-ном'!C:C,'Тоифалар кесимида'!B13,'Номма-ном'!W:W,'Тоифалар кесимида'!$L$4) -> 0
A14: 9 | B14: Гулистон шаҳри | C14: =+D14+E14+F14 -> 61 | D14: 50 | E14: 0 | F14: 11 | G14: =+H14+I14+J14+K14+L14 -> 61 | H14: =+COUNTIFS('Номма-ном'!C:C,'Тоифалар кесимида'!B14,'Номма-ном'!W:W,'Тоифалар кесимида'!$H$4) -> 4 | I14: =+COUNTIFS('Номма-ном'!C:C,'Тоифалар кесимида'!B14,'Номма-ном'!W:W,'Тоифалар кесимида'!$I$4) -> 31 | J14: =+COUNTIFS('Номма-ном'!C:C,'Тоифалар кесимида'!B14,'Номма-ном'!W:W,'Тоифалар кесимида'!$J$4) -> 0 | K14: =+COUNTIFS('Номма-ном'!C:C,'Тоифалар кесимида'!B14,'Номма-ном'!W:W,'Тоифалар кесимида'!$K$4) -> 25 | L14: =+COUNTIFS('Номма-ном'!C:C,'Тоифалар кесимида'!B14,'Номма-ном'!W:W,'Тоифалар кесимида'!$L$4) -> 1
A15: 10 | B15: Ширин шаҳри | C15: =+D15+E15+F15 -> 9 | D15: 9 | E15: 0 | F15: 0 | G15: =+H15+I15+J15+K15+L15 -> 9 | H15: =+COUNTIFS('Номма-ном'!C:C,'Тоифалар кесимида'!B15,'Номма-ном'!W:W,'Тоифалар кесимида'!$H$4) -> 2 | I15: =+COUNTIFS('Номма-ном'!C:C,'Тоифалар кесимида'!B15,'Номма-ном'!W:W,'Тоифалар кесимида'!$I$4) -> 1 | J15: =+COUNTIFS('Номма-ном'!C:C,'Тоифалар кесимида'!B15,'Номма-ном'!W:W,'Тоифалар кесимида'!$J$4) -> 1 | K15: =+COUNTIFS('Номма-ном'!C:C,'Тоифалар кесимида'!B15,'Номма-ном'!W:W,'Тоифалар кесимида'!$K$4) -> 4 | L15: =+COUNTIFS('Номма-ном'!C:C,'Тоифалар кесимида'!B15,'Номма-ном'!W:W,'Тоифалар кесимида'!$L$4) -> 1
A16: 11 | B16: Янгиер шаҳри | C16: =+D16+E16+F16 -> 8 | D16: 8 | E16: 0 | F16: 0 | G16: =+H16+I16+J16+K16+L16 -> 8 | H16: =+COUNTIFS('Номма-ном'!C:C,'Тоифалар кесимида'!B16,'Номма-ном'!W:W,'Тоифалар кесимида'!$H$4) -> 1 | I16: =+COUNTIFS('Номма-ном'!C:C,'Тоифалар кесимида'!B16,'Номма-ном'!W:W,'Тоифалар кесимида'!$I$4) -> 0 | J16: =+COUNTIFS('Номма-ном'!C:C,'Тоифалар кесимида'!B16,'Номма-ном'!W:W,'Тоифалар кесимида'!$J$4) -> 1 | K16: =+COUNTIFS('Номма-ном'!C:C,'Тоифалар кесимида'!B16,'Номма-ном'!W:W,'Тоифалар кесимида'!$K$4) -> 6 | L16: =+COUNTIFS('Номма-ном'!C:C,'Тоифалар кесимида'!B16,'Номма-ном'!W:W,'Тоифалар кесимида'!$L$4) -> 0

Sheet Свод туман
A1: ="ЯТТ, МЧЖ ва деҳқон хўжалиги ташкил этганлар тўғрисида МАЪЛУМОТ ("&$R$2&" вилояти бўйича)" -> ЯТТ, МЧЖ ва деҳқон хўжалиги ташкил этганлар тўғрисида МАЪЛУМОТ (Сирдарё вилояти бўйича)
B2: Ҳисобот санаси: | C2: =Йўриқнома!$C$4 -> 46312 | Q2: Вилоят → | R2: Сирдарё
A3: № | B3: Туман ва шаҳар номи | C3: ЖАМИ (ЯТТ + МЧЖ + Деҳқон хўжалиги) | F3: ЯТТ ташкил этди | I3: МЧЖ ташкил этди | M3: Деҳқон хўжалиги ташкил этди
C4: Мавсум бошидан сони | D4: шундан, реестрдаги | E4: бир кунда | F4: Мавсум бошидан сони | G4: шундан, реестрдаги | H4: бир кунда | I4: Мавсум бошидан сони | J4: шундан, реестрдаги | K4: бир кунда | L4: Яратилган иш ўрни (мавсум бошидан) | M4: Мавсум бошидан сони | N4: шундан, реестрдаги | O4: бир кунда | P4: Ер майдони, га (мавсум бошидан)
A6: x | B6: Жами | C6: =SUM(C7:C17) -> 516 | D6: =SUM(D7:D17) -> 21 | E6: =SUM(E7:E17) -> 0 | F6: =SUM(F7:F17) -> 278 | G6: =SUM(G7:G17) -> 19 | H6: =SUM(H7:H17) -> 0 | I6: =SUM(I7:I17) -> 0 | J6: =SUM(J7:J17) -> 0 | ... P6: =SUM(P7:P17) -> 238
A7: =IF(B7="","",1) -> 1 | B7: =IFERROR(IF(INDEX(Маълумотнома!$A:$A,MATCH($R$2,Маълумотнома!$A:$A,0)+0)=$R$2,INDEX(Маълумотнома!$B:$B,MATCH($R$2,Маълумотнома!$A:$A,0)+0),""),"") -> Боёвут | C7: =IF($B7="","",F7+I7+M7) -> 62 | D7: =IF($B7="","",G7+J7+N7) -> 5 | E7: =IF($B7="","",H7+K7+O7) -> 0 | F7: =IF($B7="","",COUNTIFS('Номма-ном'!$B:$B,$R$2,'Номма-ном'!$C:$C,$B7,'Номма-ном'!$J:$J,"ЯТТ",'Номма-ном'!$M:$M,">="&Йўриқнома!$C$3,'Номма-ном'!$M:$M,"<="&Йўриқнома!$C$4)) -> 32 | G7: =IF($B7="","",COUNTIFS('Номма-ном'!$B:$B,$R$2,'Номма-ном'!$C:$C,$B7,'Номма-ном'!$J:$J,"ЯТТ",'Номма-ном'!$M:$M,">="&Йўриқнома!$C$3,'Номма-ном'!$M:$M,"<="&Йўриқнома!$C$4,'Номма-ном'!$O:$O,"Ҳа")) -> 5 | H7: =IF($B7="","",COUNTIFS('Номма-ном'!$B:$B,$R$2,'Номма-ном'!$C:$C,$B7,'Номма-ном'!$J:$J,"ЯТТ",'Номма-ном'!$M:$M,Йўриқнома!$C$4)) -> 0 | I7: =IF($B7="","",COUNTIFS('Номма-ном'!$B:$B,$R$2,'Номма-ном'!$C:$C,$B7,'Номма-ном'!$J:$J,"МЧЖ",'Номма-ном'!$M:$M,">="&Йўриқнома!$C$3,'Номма-ном'!$M:$M,"<="&Йўриқнома!$C$4)) -> 0 | J7: =IF($B7="","",COUNTIFS('Номма-ном'!$B:$B,$R$2,'Номма-ном'!$C:$C,$B7,'Номма-ном'!$J:$J,"МЧЖ",'Номма-ном'!$M:$M,">="&Йўриқнома!$C$3,'Номма-ном'!$M:$M,"<="&Йўриқнома!$C$4,'Номма-ном'!$O:$O,"Ҳа")) -> 0 | K7: =IF($B7="","",COUNTIFS('Номма-ном'!$B:$B,$R$2,'Номма-ном'!$C:$C,$B7,'Номма-ном'!$J:$J,"МЧЖ",'Номма-ном'!$M:$M,Йўриқнома!$C$4)) -> 0 | L7: =IF($B7="","",SUMIFS('Номма-ном'!$R:$R,'Номма-ном'!$B:$B,$R$2,'Номма-ном'!$C:$C,$B7,'Номма-ном'!$J:$J,"МЧЖ",'Номма-ном'!$M:$M,">="&Йўриқнома!$C$3,'Номма-ном'!$M:$M,"<="&Йўриқнома!$C$4)) -> 0 | M7: =IF($B7="","",COUNTIFS('Номма-ном'!$B:$B,$R$2,'Номма-ном'!$C:$C,$B7,'Номма-ном'!$J:$J,"Деҳқон хўжалиги",'Номма-ном'!$M:$M,">="&Йўриқнома!$C$3,'Номма-ном'!$M:$M,"<="&Йўриқнома!$C$4)) -> 30 | N7: =IF($B7="","",COUNTIFS('Номма-ном'!$B:$B,$R$2,'Номма-ном'!$C:$C,$B7,'Номма-ном'!$J:$J,"Деҳқон хўжалиги",'Номма-ном'!$M:$M,">="&Йўриқнома!$C$3,'Номма-ном'!$M:$M,"<="&Йўриқнома!$C$4,'Номма-ном'!$O:$O,"Ҳа")) -> 0 | O7: =IF($B7="","",COUNTIFS('Номма-ном'!$B:$B,$R$2,'Номма-ном'!$C:$C,$B7,'Номма-ном'!$J:$J,"Деҳқон хўжалиги",'Номма-ном'!$M:$M,Йўриқнома!$C$4)) -> 0 | P7: =IF($B7="","",SUMIFS('Номма-ном'!$S:$S,'Номма-ном'!$B:$B,$R$2,'Номма-ном'!$C:$C,$B7,'Номма-ном'!$J:$J,"Деҳқон хўжалиги",'Номма-ном'!$M:$M,">="&Йўриқнома!$C$3,'Номма-ном'!$M:$M,"<="&Йўриқнома!$C$4)) -> 30
A8: =IF(B8="","",2) -> 2 | B8: =IFERROR(IF(INDEX(Маълумотнома!$A:$A,MATCH($R$2,Маълумотнома!$A:$A,0)+1)=$R$2,INDEX(Маълумотнома!$B:$B,MATCH($R$2,Маълумотнома!$A:$A,0)+1),""),"") -> Гулистон тумани | C8: =IF($B8="","",F8+I8+M8) -> 38 | D8: =IF($B8="","",G8+J8+N8) -> 2 | E8: =IF($B8="","",H8+K8+O8) -> 0 | F8: =IF($B8="","",COUNTIFS('Номма-ном'!$B:$B,$R$2,'Номма-ном'!$C:$C,$B8,'Номма-ном'!$J:$J,"ЯТТ",'Номма-ном'!$M:$M,">="&Йўриқнома!$C$3,'Номма-ном'!$M:$M,"<="&Йўриқнома!$C$4)) -> 26 | G8: =IF($B8="","",COUNTIFS('Номма-ном'!$B:$B,$R$2,'Номма-ном'!$C:$C,$B8,'Номма-ном'!$J:$J,"ЯТТ",'Номма-ном'!$M:$M,">="&Йўриқнома!$C$3,'Номма-ном'!$M:$M,"<="&Йўриқнома!$C$4,'Номма-ном'!$O:$O,"Ҳа")) -> 2 | H8: =IF($B8="","",COUNTIFS('Номма-ном'!$B:$B,$R$2,'Номма-ном'!$C:$C,$B8,'Номма-ном'!$J:$J,"ЯТТ",'Номма-ном'!$M:$M,Йўриқнома!$C$4)) -> 0 | I8: =IF($B8="","",COUNTIFS('Номма-ном'!$B:$B,$R$2,'Номма-ном'!$C:$C,$B8,'Номма-ном'!$J:$J,"МЧЖ",'Номма-ном'!$M:$M,">="&Йўриқнома!$C$3,'Номма-ном'!$M:$M,"<="&Йўриқнома!$C$4)) -> 0 | J8: =IF($B8="","",COUNTIFS('Номма-ном'!$B:$B,$R$2,'Номма-ном'!$C:$C,$B8,'Номма-ном'!$J:$J,"МЧЖ",'Номма-ном'!$M:$M,">="&Йўриқнома!$C$3,'Номма-ном'!$M:$M,"<="&Йўриқнома!$C$4,'Номма-ном'!$O:$O,"Ҳа")) -> 0 | K8: =IF($B8="","",COUNTIFS('Номма-ном'!$B:$B,$R$2,'Номма-ном'!$C:$C,$B8,'Номма-ном'!$J:$J,"МЧЖ",'Номма-ном'!$M:$M,Йўриқнома!$C$4)) -> 0 | L8: =IF($B8="","",SUMIFS('Номма-ном'!$R:$R,'Номма-ном'!$B:$B,$R$2,'Номма-ном'!$C:$C,$B8,'Номма-ном'!$J:$J,"МЧЖ",'Номма-ном'!$M:$M,">="&Йўриқнома!$C$3,'Номма-ном'!$M:$M,"<="&Йўриқнома!$C$4)) -> 0 | M8: =IF($B8="","",COUNTIFS('Номма-ном'!$B:$B,$R$2,'Номма-ном'!$C:$C,$B8,'Номма-ном'!$J:$J,"Деҳқон хўжалиги",'Номма-ном'!$M:$M,">="&Йўриқнома!$C$3,'Номма-ном'!$M:$M,"<="&Йўриқнома!$C$4)) -> 12 | N8: =IF($B8="","",COUNTIFS('Номма-ном'!$B:$B,$R$2,'Номма-ном'!$C:$C,$B8,'Номма-ном'!$J:$J,"Деҳқон хўжалиги",'Номма-ном'!$M:$M,">="&Йўриқнома!$C$3,'Номма-ном'!$M:$M,"<="&Йўриқнома!$C$4,'Номма-ном'!$O:$O,"Ҳа")) -> 0 | O8: =IF($B8="","",COUNTIFS('Номма-ном'!$B:$B,$R$2,'Номма-ном'!$C:$C,$B8,'Номма-ном'!$J:$J,"Деҳқон хўжалиги",'Номма-ном'!$M:$M,Йўриқнома!$C$4)) -> 0 | P8: =IF($B8="","",SUMIFS('Номма-ном'!$S:$S,'Номма-ном'!$B:$B,$R$2,'Номма-ном'!$C:$C,$B8,'Номма-ном'!$J:$J,"Деҳқон хўжалиги",'Номма-ном'!$M:$M,">="&Йўриқнома!$C$3,'Номма-ном'!$M:$M,"<="&Йўриқнома!$C$4)) -> 12
A9: =IF(B9="","",3) -> 3 | B9: =IFERROR(IF(INDEX(Маълумотнома!$A:$A,MATCH($R$2,Маълумотнома!$A:$A,0)+2)=$R$2,INDEX(Маълумотнома!$B:$B,MATCH($R$2,Маълумотнома!$A:$A,0)+2),""),"") -> Мирзаобод | C9: =IF($B9="","",F9+I9+M9) -> 59 | D9: =IF($B9="","",G9+J9+N9) -> 0 | E9: =IF($B9="","",H9+K9+O9) -> 0 | F9: =IF($B9="","",COUNTIFS('Номма-ном'!$B:$B,$R$2,'Номма-ном'!$C:$C,$B9,'Номма-ном'!$J:$J,"ЯТТ",'Номма-ном'!$M:$M,">="&Йўриқнома!$C$3,'Номма-ном'!$M:$M,"<="&Йўриқнома!$C$4)) -> 27 | G9: =IF($B9="","",COUNTIFS('Номма-ном'!$B:$B,$R$2,'Номма-ном'!$C:$C,$B9,'Номма-ном'!$J:$J,"ЯТТ",'Номма-ном'!$M:$M,">="&Йўриқнома!$C$3,'Номма-ном'!$M:$M,"<="&Йўриқнома!$C$4,'Номма-ном'!$O:$O,"Ҳа")) -> 0 | H9: =IF($B9="","",COUNTIFS('Номма-ном'!$B:$B,$R$2,'Номма-ном'!$C:$C,$B9,'Номма-ном'!$J:$J,"ЯТТ",'Номма-ном'!$M:$M,Йўриқнома!$C$4)) -> 0 | I9: =IF($B9="","",COUNTIFS('Номма-ном'!$B:$B,$R$2,'Номма-ном'!$C:$C,$B9,'Номма-ном'!$J:$J,"МЧЖ",'Номма-ном'!$M:$M,">="&Йўриқнома!$C$3,'Номма-ном'!$M:$M,"<="&Йўриқнома!$C$4)) -> 0 | J9: =IF($B9="","",COUNTIFS('Номма-ном'!$B:$B,$R$2,'Номма-ном'!$C:$C,$B9,'Номма-ном'!$J:$J,"МЧЖ",'Номма-ном'!$M:$M,">="&Йўриқнома!$C$3,'Номма-ном'!$M:$M,"<="&Йўриқнома!$C$4,'Номма-ном'!$O:$O,"Ҳа")) -> 0 | K9: =IF($B9="","",COUNTIFS('Номма-ном'!$B:$B,$R$2,'Номма-ном'!$C:$C,$B9,'Номма-ном'!$J:$J,"МЧЖ",'Номма-ном'!$M:$M,Йўриқнома!$C$4)) -> 0 | L9: =IF($B9="","",SUMIFS('Номма-ном'!$R:$R,'Номма-ном'!$B:$B,$R$2,'Номма-ном'!$C:$C,$B9,'Номма-ном'!$J:$J,"МЧЖ",'Номма-ном'!$M:$M,">="&Йўриқнома!$C$3,'Номма-ном'!$M:$M,"<="&Йўриқнома!$C$4)) -> 0 | M9: =IF($B9="","",COUNTIFS('Номма-ном'!$B:$B,$R$2,'Номма-ном'!$C:$C,$B9,'Номма-ном'!$J:$J,"Деҳқон хўжалиги",'Номма-ном'!$M:$M,">="&Йўриқнома!$C$3,'Номма-ном'!$M:$M,"<="&Йўриқнома!$C$4)) -> 32 | N9: =IF($B9="","",COUNTIFS('Номма-ном'!$B:$B,$R$2,'Номма-ном'!$C:$C,$B9,'Номма-ном'!$J:$J,"Деҳқон хўжалиги",'Номма-ном'!$M:$M,">="&Йўриқнома!$C$3,'Номма-ном'!$M:$M,"<="&Йўриқнома!$C$4,'Номма-ном'!$O:$O,"Ҳа")) -> 0 | O9: =IF($B9="","",COUNTIFS('Номма-ном'!$B:$B,$R$2,'Номма-ном'!$C:$C,$B9,'Номма-ном'!$J:$J,"Деҳқон хўжалиги",'Номма-ном'!$M:$M,Йўриқнома!$C$4)) -> 0 | P9: =IF($B9="","",SUMIFS('Номма-ном'!$S:$S,'Номма-ном'!$B:$B,$R$2,'Номма-ном'!$C:$C,$B9,'Номма-ном'!$J:$J,"Деҳқон хўжалиги",'Номма-ном'!$M:$M,">="&Йўриқнома!$C$3,'Номма-ном'!$M:$M,"<="&Йўриқнома!$C$4)) -> 32
A10: =IF(B10="","",4) -> 4 | B10: =IFERROR(IF(INDEX(Маълумотнома!$A:$A,MATCH($R$2,Маълумотнома!$A:$A,0)+3)=$R$2,INDEX(Маълумотнома!$B:$B,MATCH($R$2,Маълумотнома!$A:$A,0)+3),""),"") -> Оқолтин | C10: =IF($B10="","",F10+I10+M10) -> 16 | D10: =IF($B10="","",G10+J10+N10) -> 0 | E10: =IF($B10="","",H10+K10+O10) -> 0 | F10: =IF($B10="","",COUNTIFS('Номма-ном'!$B:$B,$R$2,'Номма-ном'!$C:$C,$B10,'Номма-ном'!$J:$J,"ЯТТ",'Номма-ном'!$M:$M,">="&Йўриқнома!$C$3,'Номма-ном'!$M:$M,"<="&Йўриқнома!$C$4)) -> 7 | G10: =IF($B10="","",COUNTIFS('Номма-ном'!$B:$B,$R$2,'Номма-ном'!$C:$C,$B10,'Номма-ном'!$J:$J,"ЯТТ",'Номма-ном'!$M:$M,">="&Йўриқнома!$C$3,'Номма-ном'!$M:$M,"<="&Йўриқнома!$C$4,'Номма-ном'!$O:$O,"Ҳа")) -> 0 | H10: =IF($B10="","",COUNTIFS('Номма-ном'!$B:$B,$R$2,'Номма-ном'!$C:$C,$B10,'Номма-ном'!$J:$J,"ЯТТ",'Номма-ном'!$M:$M,Йўриқнома!$C$4)) -> 0 | I10: =IF($B10="","",COUNTIFS('Номма-ном'!$B:$B,$R$2,'Номма-ном'!$C:$C,$B10,'Номма-ном'!$J:$J,"МЧЖ",'Номма-ном'!$M:$M,">="&Йўриқнома!$C$3,'Номма-ном'!$M:$M,"<="&Йўриқнома!$C$4)) -> 0 | J10: =IF($B10="","",COUNTIFS('Номма-ном'!$B:$B,$R$2,'Номма-ном'!$C:$C,$B10,'Номма-ном'!$J:$J,"МЧЖ",'Номма-ном'!$M:$M,">="&Йўриқнома!$C$3,'Номма-ном'!$M:$M,"<="&Йўриқнома!$C$4,'Номма-ном'!$O:$O,"Ҳа")) -> 0 | K10: =IF($B10="","",COUNTIFS('Номма-ном'!$B:$B,$R$2,'Номма-ном'!$C:$C,$B10,'Номма-ном'!$J:$J,"МЧЖ",'Номма-ном'!$M:$M,Йўриқнома!$C$4)) -> 0 | L10: =IF($B10="","",SUMIFS('Номма-ном'!$R:$R,'Номма-ном'!$B:$B,$R$2,'Номма-ном'!$C:$C,$B10,'Номма-ном'!$J:$J,"МЧЖ",'Номма-ном'!$M:$M,">="&Йўриқнома!$C$3,'Номма-ном'!$M:$M,"<="&Йўриқнома!$C$4)) -> 0 | M10: =IF($B10="","",COUNTIFS('Номма-ном'!$B:$B,$R$2,'Номма-ном'!$C:$C,$B10,'Номма-ном'!$J:$J,"Деҳқон хўжалиги",'Номма-ном'!$M:$M,">="&Йўриқнома!$C$3,'Номма-ном'!$M:$M,"<="&Йўриқнома!$C$4)) -> 9 | N10: =IF($B10="","",COUNTIFS('Номма-ном'!$B:$B,$R$2,'Номма-ном'!$C:$C,$B10,'Номма-ном'!$J:$J,"Деҳқон хўжалиги",'Номма-ном'!$M:$M,">="&Йўриқнома!$C$3,'Номма-ном'!$M:$M,"<="&Йўриқнома!$C$4,'Номма-ном'!$O:$O,"Ҳа")) -> 0 | O10: =IF($B10="","",COUNTIFS('Номма-ном'!$B:$B,$R$2,'Номма-ном'!$C:$C,$B10,'Номма-ном'!$J:$J,"Деҳқон хўжалиги",'Номма-ном'!$M:$M,Йўриқнома!$C$4)) -> 0 | P10: =IF($B10="","",SUMIFS('Номма-ном'!$S:$S,'Номма-ном'!$B:$B,$R$2,'Номма-ном'!$C:$C,$B10,'Номма-ном'!$J:$J,"Деҳқон хўжалиги",'Номма-ном'!$M:$M,">="&Йўриқнома!$C$3,'Номма-ном'!$M:$M,"<="&Йўриқнома!$C$4)) -> 9
A11: =IF(B11="","",5) -> 5 | B11: =IFERROR(IF(INDEX(Маълумотнома!$A:$A,MATCH($R$2,Маълумотнома!$A:$A,0)+4)=$R$2,INDEX(Маълумотнома!$B:$B,MATCH($R$2,Маълумотнома!$A:$A,0)+4),""),"") -> Сайхунобод | C11: =IF($B11="","",F11+I11+M11) -> 45 | D11: =IF($B11="","",G11+J11+N11) -> 1 | E11: =IF($B11="","",H11+K11+O11) -> 0 | F11: =IF($B11="","",COUNTIFS('Номма-ном'!$B:$B,$R$2,'Номма-ном'!$C:$C,$B11,'Номма-ном'!$J:$J,"ЯТТ",'Номма-ном'!$M:$M,">="&Йўриқнома!$C$3,'Номма-ном'!$M:$M,"<="&Йўриқнома!$C$4)) -> 16 | G11: =IF($B11="","",COUNTIFS('Номма-ном'!$B:$B,$R$2,'Номма-ном'!$C:$C,$B11,'Номма-ном'!$J:$J,"ЯТТ",'Номма-ном'!$M:$M,">="&Йўриқнома!$C$3,'Номма-ном'!$M:$M,"<="&Йўриқнома!$C$4,'Номма-ном'!$O:$O,"Ҳа")) -> 0 | H11: =IF($B11="","",COUNTIFS('Номма-ном'!$B:$B,$R$2,'Номма-ном'!$C:$C,$B11,'Номма-ном'!$J:$J,"ЯТТ",'Номма-ном'!$M:$M,Йўриқнома!$C$4)) -> 0 | I11: =IF($B11="","",COUNTIFS('Номма-ном'!$B:$B,$R$2,'Номма-ном'!$C:$C,$B11,'Номма-ном'!$J:$J,"МЧЖ",'Номма-ном'!$M:$M,">="&Йўриқнома!$C$3,'Номма-ном'!$M:$M,"<="&Йўриқнома!$C$4)) -> 0 | J11: =IF($B11="","",COUNTIFS('Номма-ном'!$B:$B,$R$2,'Номма-ном'!$C:$C,$B11,'Номма-ном'!$J:$J,"МЧЖ",'Номма-ном'!$M:$M,">="&Йўриқнома!$C$3,'Номма-ном'!$M:$M,"<="&Йўриқнома!$C$4,'Номма-ном'!$O:$O,"Ҳа")) -> 0 | K11: =IF($B11="","",COUNTIFS('Номма-ном'!$B:$B,$R$2,'Номма-ном'!$C:$C,$B11,'Номма-ном'!$J:$J,"МЧЖ",'Номма-ном'!$M:$M,Йўриқнома!$C$4)) -> 0 | L11: =IF($B11="","",SUMIFS('Номма-ном'!$R:$R,'Номма-ном'!$B:$B,$R$2,'Номма-ном'!$C:$C,$B11,'Номма-ном'!$J:$J,"МЧЖ",'Номма-ном'!$M:$M,">="&Йўриқнома!$C$3,'Номма-ном'!$M:$M,"<="&Йўриқнома!$C$4)) -> 0 | M11: =IF($B11="","",COUNTIFS('Номма-ном'!$B:$B,$R$2,'Номма-ном'!$C:$C,$B11,'Номма-ном'!$J:$J,"Деҳқон хўжалиги",'Номма-ном'!$M:$M,">="&Йўриқнома!$C$3,'Номма-ном'!$M:$M,"<="&Йўриқнома!$C$4)) -> 29 | N11: =IF($B11="","",COUNTIFS('Номма-ном'!$B:$B,$R$2,'Номма-ном'!$C:$C,$B11,'Номма-ном'!$J:$J,"Деҳқон хўжалиги",'Номма-ном'!$M:$M,">="&Йўриқнома!$C$3,'Номма-ном'!$M:$M,"<="&Йўриқнома!$C$4,'Номма-ном'!$O:$O,"Ҳа")) -> 1 | O11: =IF($B11="","",COUNTIFS('Номма-ном'!$B:$B,$R$2,'Номма-ном'!$C:$C,$B11,'Номма-ном'!$J:$J,"Деҳқон хўжалиги",'Номма-ном'!$M:$M,Йўриқнома!$C$4)) -> 0 | P11: =IF($B11="","",SUMIFS('Номма-ном'!$S:$S,'Номма-ном'!$B:$B,$R$2,'Номма-ном'!$C:$C,$B11,'Номма-ном'!$J:$J,"Деҳқон хўжалиги",'Номма-ном'!$M:$M,">="&Йўриқнома!$C$3,'Номма-ном'!$M:$M,"<="&Йўриқнома!$C$4)) -> 29
A12: =IF(B12="","",6) -> 6 | B12: =IFERROR(IF(INDEX(Маълумотнома!$A:$A,MATCH($R$2,Маълумотнома!$A:$A,0)+5)=$R$2,INDEX(Маълумотнома!$B:$B,MATCH($R$2,Маълумотнома!$A:$A,0)+5),""),"") -> Сардоба | C12: =IF($B12="","",F12+I12+M12) -> 39 | D12: =IF($B12="","",G12+J12+N12) -> 5 | E12: =IF($B12="","",H12+K12+O12) -> 0 | F12: =IF($B12="","",COUNTIFS('Номма-ном'!$B:$B,$R$2,'Номма-ном'!$C:$C,$B12,'Номма-ном'!$J:$J,"ЯТТ",'Номма-ном'!$M:$M,">="&Йўриқнома!$C$3,'Номма-ном'!$M:$M,"<="&Йўриқнома!$C$4)) -> 15 | G12: =IF($B12="","",COUNTIFS('Номма-ном'!$B:$B,$R$2,'Номма-ном'!$C:$C,$B12,'Номма-ном'!$J:$J,"ЯТТ",'Номма-ном'!$M:$M,">="&Йўриқнома!$C$3,'Номма-ном'!$M:$M,"<="&Йўриқнома!$C$4,'Номма-ном'!$O:$O,"Ҳа")) -> 5 | H12: =IF($B12="","",COUNTIFS('Номма-ном'!$B:$B,$R$2,'Номма-ном'!$C:$C,$B12,'Номма-ном'!$J:$J,"ЯТТ",'Номма-ном'!$M:$M,Йўриқнома!$C$4)) -> 0 | I12: =IF($B12="","",COUNTIFS('Номма-ном'!$B:$B,$R$2,'Номма-ном'!$C:$C,$B12,'Номма-ном'!$J:$J,"МЧЖ",'Номма-ном'!$M:$M,">="&Йўриқнома!$C$3,'Номма-ном'!$M:$M,"<="&Йўриқнома!$C$4)) -> 0 | J12: =IF($B12="","",COUNTIFS('Номма-ном'!$B:$B,$R$2,'Номма-ном'!$C:$C,$B12,'Номма-ном'!$J:$J,"МЧЖ",'Номма-ном'!$M:$M,">="&Йўриқнома!$C$3,'Номма-ном'!$M:$M,"<="&Йўриқнома!$C$4,'Номма-ном'!$O:$O,"Ҳа")) -> 0 | K12: =IF($B12="","",COUNTIFS('Номма-ном'!$B:$B,$R$2,'Номма-ном'!$C:$C,$B12,'Номма-ном'!$J:$J,"МЧЖ",'Номма-ном'!$M:$M,Йўриқнома!$C$4)) -> 0 | L12: =IF($B12="","",SUMIFS('Номма-ном'!$R:$R,'Номма-ном'!$B:$B,$R$2,'Номма-ном'!$C:$C,$B12,'Номма-ном'!$J:$J,"МЧЖ",'Номма-ном'!$M:$M,">="&Йўриқнома!$C$3,'Номма-ном'!$M:$M,"<="&Йўриқнома!$C$4)) -> 0 | M12: =IF($B12="","",COUNTIFS('Номма-ном'!$B:$B,$R$2,'Номма-ном'!$C:$C,$B12,'Номма-ном'!$J:$J,"Деҳқон хўжалиги",'Номма-ном'!$M:$M,">="&Йўриқнома!$C$3,'Номма-ном'!$M:$M,"<="&Йўриқнома!$C$4)) -> 24 | N12: =IF($B12="","",COUNTIFS('Номма-ном'!$B:$B,$R$2,'Номма-ном'!$C:$C,$B12,'Номма-ном'!$J:$J,"Деҳқон хўжалиги",'Номма-ном'!$M:$M,">="&Йўриқнома!$C$3,'Номма-ном'!$M:$M,"<="&Йўриқнома!$C$4,'Номма-ном'!$O:$O,"Ҳа")) -> 0 | O12: =IF($B12="","",COUNTIFS('Номма-ном'!$B:$B,$R$2,'Номма-ном'!$C:$C,$B12,'Номма-ном'!$J:$J,"Деҳқон хўжалиги",'Номма-ном'!$M:$M,Йўриқнома!$C$4)) -> 0 | P12: =IF($B12="","",SUMIFS('Номма-ном'!$S:$S,'Номма-ном'!$B:$B,$R$2,'Номма-ном'!$C:$C,$B12,'Номма-ном'!$J:$J,"Деҳқон хўжалиги",'Номма-ном'!$M:$M,">="&Йўриқнома!$C$3,'Номма-ном'!$M:$M,"<="&Йўриқнома!$C$4)) -> 24
A13: =IF(B13="","",7) -> 7 | B13: =IFERROR(IF(INDEX(Маълумотнома!$A:$A,MATCH($R$2,Маълумотнома!$A:$A,0)+6)=$R$2,INDEX(Маълумотнома!$B:$B,MATCH($R$2,Маълумотнома!$A:$A,0)+6),""),"") -> Сирдарё тумани | C13: =IF($B13="","",F13+I13+M13) -> 103 | D13: =IF($B13="","",G13+J13+N13) -> 2 | E13: =IF($B13="","",H13+K13+O13) -> 0 | F13: =IF($B13="","",COUNTIFS('Номма-ном'!$B:$B,$R$2,'Номма-ном'!$C:$C,$B13,'Номма-ном'!$J:$J,"ЯТТ",'Номма-ном'!$M:$M,">="&Йўриқнома!$C$3,'Номма-ном'!$M:$M,"<="&Йўриқнома!$C$4)) -> 61 | G13: =IF($B13="","",COUNTIFS('Номма-ном'!$B:$B,$R$2,'Номма-ном'!$C:$C,$B13,'Номма-ном'!$J:$J,"ЯТТ",'Номма-ном'!$M:$M,">="&Йўриқнома!$C$3,'Номма-ном'!$M:$M,"<="&Йўриқнома!$C$4,'Номма-ном'!$O:$O,"Ҳа")) -> 1 | H13: =IF($B13="","",COUNTIFS('Номма-ном'!$B:$B,$R$2,'Номма-ном'!$C:$C,$B13,'Номма-ном'!$J:$J,"ЯТТ",'Номма-ном'!$M:$M,Йўриқнома!$C$4)) -> 0 | I13: =IF($B13="","",COUNTIFS('Номма-ном'!$B:$B,$R$2,'Номма-ном'!$C:$C,$B13,'Номма-ном'!$J:$J,"МЧЖ",'Номма-ном'!$M:$M,">="&Йўриқнома!$C$3,'Номма-ном'!$M:$M,"<="&Йўриқнома!$C$4)) -> 0 | J13: =IF($B13="","",COUNTIFS('Номма-ном'!$B:$B,$R$2,'Номма-ном'!$C:$C,$B13,'Номма-ном'!$J:$J,"МЧЖ",'Номма-ном'!$M:$M,">="&Йўриқнома!$C$3,'Номма-ном'!$M:$M,"<="&Йўриқнома!$C$4,'Номма-ном'!$O:$O,"Ҳа")) -> 0 | K13: =IF($B13="","",COUNTIFS('Номма-ном'!$B:$B,$R$2,'Номма-ном'!$C:$C,$B13,'Номма-ном'!$J:$J,"МЧЖ",'Номма-ном'!$M:$M,Йўриқнома!$C$4)) -> 0 | L13: =IF($B13="","",SUMIFS('Номма-ном'!$R:$R,'Номма-ном'!$B:$B,$R$2,'Номма-ном'!$C:$C,$B13,'Номма-ном'!$J:$J,"МЧЖ",'Номма-ном'!$M:$M,">="&Йўриқнома!$C$3,'Номма-ном'!$M:$M,"<="&Йўриқнома!$C$4)) -> 0 | M13: =IF($B13="","",COUNTIFS('Номма-ном'!$B:$B,$R$2,'Номма-ном'!$C:$C,$B13,'Номма-ном'!$J:$J,"Деҳқон хўжалиги",'Номма-ном'!$M:$M,">="&Йўриқнома!$C$3,'Номма-ном'!$M:$M,"<="&Йўриқнома!$C$4)) -> 42 | N13: =IF($B13="","",COUNTIFS('Номма-ном'!$B:$B,$R$2,'Номма-ном'!$C:$C,$B13,'Номма-ном'!$J:$J,"Деҳқон хўжалиги",'Номма-ном'!$M:$M,">="&Йўриқнома!$C$3,'Номма-ном'!$M:$M,"<="&Йўриқнома!$C$4,'Номма-ном'!$O:$O,"Ҳа")) -> 1 | O13: =IF($B13="","",COUNTIFS('Номма-ном'!$B:$B,$R$2,'Номма-ном'!$C:$C,$B13,'Номма-ном'!$J:$J,"Деҳқон хўжалиги",'Номма-ном'!$M:$M,Йўриқнома!$C$4)) -> 0 | P13: =IF($B13="","",SUMIFS('Номма-ном'!$S:$S,'Номма-ном'!$B:$B,$R$2,'Номма-ном'!$C:$C,$B13,'Номма-ном'!$J:$J,"Деҳқон хўжалиги",'Номма-ном'!$M:$M,">="&Йўриқнома!$C$3,'Номма-ном'!$M:$M,"<="&Йўриқнома!$C$4)) -> 42
A14: =IF(B14="","",8) -> 8 | B14: =IFERROR(IF(INDEX(Маълумотнома!$A:$A,MATCH($R$2,Маълумотнома!$A:$A,0)+7)=$R$2,INDEX(Маълумотнома!$B:$B,MATCH($R$2,Маълумотнома!$A:$A,0)+7),""),"") -> Ховос | C14: =IF($B14="","",F14+I14+M14) -> 76 | D14: =IF($B14="","",G14+J14+N14) -> 2 | E14: =IF($B14="","",H14+K14+O14) -> 0 | F14: =IF($B14="","",COUNTIFS('Номма-ном'!$B:$B,$R$2,'Номма-ном'!$C:$C,$B14,'Номма-ном'!$J:$J,"ЯТТ",'Номма-ном'!$M:$M,">="&Йўриқнома!$C$3,'Номма-ном'!$M:$M,"<="&Йўриқнома!$C$4)) -> 27 | G14: =IF($B14="","",COUNTIFS('Номма-ном'!$B:$B,$R$2,'Номма-ном'!$C:$C,$B14,'Номма-ном'!$J:$J,"ЯТТ",'Номма-ном'!$M:$M,">="&Йўриқнома!$C$3,'Номма-ном'!$M:$M,"<="&Йўриқнома!$C$4,'Номма-ном'!$O:$O,"Ҳа")) -> 2 | H14: =IF($B14="","",COUNTIFS('Номма-ном'!$B:$B,$R$2,'Номма-ном'!$C:$C,$B14,'Номма-ном'!$J:$J,"ЯТТ",'Номма-ном'!$M:$M,Йўриқнома!$C$4)) -> 0 | I14: =IF($B14="","",COUNTIFS('Номма-ном'!$B:$B,$R$2,'Номма-ном'!$C:$C,$B14,'Номма-ном'!$J:$J,"МЧЖ",'Номма-ном'!$M:$M,">="&Йўриқнома!$C$3,'Номма-ном'!$M:$M,"<="&Йўриқнома!$C$4)) -> 0 | J14: =IF($B14="","",COUNTIFS('Номма-ном'!$B:$B,$R$2,'Номма-ном'!$C:$C,$B14,'Номма-ном'!$J:$J,"МЧЖ",'Номма-ном'!$M:$M,">="&Йўриқнома!$C$3,'Номма-ном'!$M:$M,"<="&Йўриқнома!$C$4,'Номма-ном'!$O:$O,"Ҳа")) -> 0 | K14: =IF($B14="","",COUNTIFS('Номма-ном'!$B:$B,$R$2,'Номма-ном'!$C:$C,$B14,'Номма-ном'!$J:$J,"МЧЖ",'Номма-ном'!$M:$M,Йўриқнома!$C$4)) -> 0 | L14: =IF($B14="","",SUMIFS('Номма-ном'!$R:$R,'Номма-ном'!$B:$B,$R$2,'Номма-ном'!$C:$C,$B14,'Номма-ном'!$J:$J,"МЧЖ",'Номма-ном'!$M:$M,">="&Йўриқнома!$C$3,'Номма-ном'!$M:$M,"<="&Йўриқнома!$C$4)) -> 0 | M14: =IF($B14="","",COUNTIFS('Номма-ном'!$B:$B,$R$2,'Номма-ном'!$C:$C,$B14,'Номма-ном'!$J:$J,"Деҳқон хўжалиги",'Номма-ном'!$M:$M,">="&Йўриқнома!$C$3,'Номма-ном'!$M:$M,"<="&Йўриқнома!$C$4)) -> 49 | N14: =IF($B14="","",COUNTIFS('Номма-ном'!$B:$B,$R$2,'Номма-ном'!$C:$C,$B14,'Номма-ном'!$J:$J,"Деҳқон хўжалиги",'Номма-ном'!$M:$M,">="&Йўриқнома!$C$3,'Номма-ном'!$M:$M,"<="&Йўриқнома!$C$4,'Номма-ном'!$O:$O,"Ҳа")) -> 0 | O14: =IF($B14="","",COUNTIFS('Номма-ном'!$B:$B,$R$2,'Номма-ном'!$C:$C,$B14,'Номма-ном'!$J:$J,"Деҳқон хўжалиги",'Номма-ном'!$M:$M,Йўриқнома!$C$4)) -> 0 | P14: =IF($B14="","",SUMIFS('Номма-ном'!$S:$S,'Номма-ном'!$B:$B,$R$2,'Номма-ном'!$C:$C,$B14,'Номма-ном'!$J:$J,"Деҳқон хўжалиги",'Номма-ном'!$M:$M,">="&Йўриқнома!$C$3,'Номма-ном'!$M:$M,"<="&Йўриқнома!$C$4)) -> 49
A15: =IF(B15="","",9) -> 9 | B15: =IFERROR(IF(INDEX(Маълумотнома!$A:$A,MATCH($R$2,Маълумотнома!$A:$A,0)+8)=$R$2,INDEX(Маълумотнома!$B:$B,MATCH($R$2,Маълумотнома!$A:$A,0)+8),""),"") -> Гулистон шаҳри | C15: =IF($B15="","",F15+I15+M15) -> 61 | D15: =IF($B15="","",G15+J15+N15) -> 2 | E15: =IF($B15="","",H15+K15+O15) -> 0 | F15: =IF($B15="","",COUNTIFS('Номма-ном'!$B:$B,$R$2,'Номма-ном'!$C:$C,$B15,'Номма-ном'!$J:$J,"ЯТТ",'Номма-ном'!$M:$M,">="&Йўриқнома!$C$3,'Номма-ном'!$M:$M,"<="&Йўриқнома!$C$4)) -> 50 | G15: =IF($B15="","",COUNTIFS('Номма-ном'!$B:$B,$R$2,'Номма-ном'!$C:$C,$B15,'Номма-ном'!$J:$J,"ЯТТ",'Номма-ном'!$M:$M,">="&Йўриқнома!$C$3,'Номма-ном'!$M:$M,"<="&Йўриқнома!$C$4,'Номма-ном'!$O:$O,"Ҳа")) -> 2 | H15: =IF($B15="","",COUNTIFS('Номма-ном'!$B:$B,$R$2,'Номма-ном'!$C:$C,$B15,'Номма-ном'!$J:$J,"ЯТТ",'Номма-ном'!$M:$M,Йўриқнома!$C$4)) -> 0 | I15: =IF($B15="","",COUNTIFS('Номма-ном'!$B:$B,$R$2,'Номма-ном'!$C:$C,$B15,'Номма-ном'!$J:$J,"МЧЖ",'Номма-ном'!$M:$M,">="&Йўриқнома!$C$3,'Номма-ном'!$M:$M,"<="&Йўриқнома!$C$4)) -> 0 | J15: =IF($B15="","",COUNTIFS('Номма-ном'!$B:$B,$R$2,'Номма-ном'!$C:$C,$B15,'Номма-ном'!$J:$J,"МЧЖ",'Номма-ном'!$M:$M,">="&Йўриқнома!$C$3,'Номма-ном'!$M:$M,"<="&Йўриқнома!$C$4,'Номма-ном'!$O:$O,"Ҳа")) -> 0 | K15: =IF($B15="","",COUNTIFS('Номма-ном'!$B:$B,$R$2,'Номма-ном'!$C:$C,$B15,'Номма-ном'!$J:$J,"МЧЖ",'Номма-ном'!$M:$M,Йўриқнома!$C$4)) -> 0 | L15: =IF($B15="","",SUMIFS('Номма-ном'!$R:$R,'Номма-ном'!$B:$B,$R$2,'Номма-ном'!$C:$C,$B15,'Номма-ном'!$J:$J,"МЧЖ",'Номма-ном'!$M:$M,">="&Йўриқнома!$C$3,'Номма-ном'!$M:$M,"<="&Йўриқнома!$C$4)) -> 0 | M15: =IF($B15="","",COUNTIFS('Номма-ном'!$B:$B,$R$2,'Номма-ном'!$C:$C,$B15,'Номма-ном'!$J:$J,"Деҳқон хўжалиги",'Номма-ном'!$M:$M,">="&Йўриқнома!$C$3,'Номма-ном'!$M:$M,"<="&Йўриқнома!$C$4)) -> 11 | N15: =IF($B15="","",COUNTIFS('Номма-ном'!$B:$B,$R$2,'Номма-ном'!$C:$C,$B15,'Номма-ном'!$J:$J,"Деҳқон хўжалиги",'Номма-ном'!$M:$M,">="&Йўриқнома!$C$3,'Номма-ном'!$M:$M,"<="&Йўриқнома!$C$4,'Номма-ном'!$O:$O,"Ҳа")) -> 0 | O15: =IF($B15="","",COUNTIFS('Номма-ном'!$B:$B,$R$2,'Номма-ном'!$C:$C,$B15,'Номма-ном'!$J:$J,"Деҳқон хўжалиги",'Номма-ном'!$M:$M,Йўриқнома!$C$4)) -> 0 | P15: =IF($B15="","",SUMIFS('Номма-ном'!$S:$S,'Номма-ном'!$B:$B,$R$2,'Номма-ном'!$C:$C,$B15,'Номма-ном'!$J:$J,"Деҳқон хўжалиги",'Номма-ном'!$M:$M,">="&Йўриқнома!$C$3,'Номма-ном'!$M:$M,"<="&Йўриқнома!$C$4)) -> 11
A16: =IF(B16="","",10) -> 10 | B16: =IFERROR(IF(INDEX(Маълумотнома!$A:$A,MATCH($R$2,Маълумотнома!$A:$A,0)+9)=$R$2,INDEX(Маълумотнома!$B:$B,MATCH($R$2,Маълумотнома!$A:$A,0)+9),""),"") -> Ширин шаҳри | C16: =IF($B16="","",F16+I16+M16) -> 9 | D16: =IF($B16="","",G16+J16+N16) -> 1 | E16: =IF($B16="","",H16+K16+O16) -> 0 | F16: =IF($B16="","",COUNTIFS('Номма-ном'!$B:$B,$R$2,'Номма-ном'!$C:$C,$B16,'Номма-ном'!$J:$J,"ЯТТ",'Номма-ном'!$M:$M,">="&Йўриқнома!$C$3,'Номма-ном'!$M:$M,"<="&Йўриқнома!$C$4)) -> 9 | G16: =IF($B16="","",COUNTIFS('Номма-ном'!$B:$B,$R$2,'Номма-ном'!$C:$C,$B16,'Номма-ном'!$J:$J,"ЯТТ",'Номма-ном'!$M:$M,">="&Йўриқнома!$C$3,'Номма-ном'!$M:$M,"<="&Йўриқнома!$C$4,'Номма-ном'!$O:$O,"Ҳа")) -> 1 | H16: =IF($B16="","",COUNTIFS('Номма-ном'!$B:$B,$R$2,'Номма-ном'!$C:$C,$B16,'Номма-ном'!$J:$J,"ЯТТ",'Номма-ном'!$M:$M,Йўриқнома!$C$4)) -> 0 | I16: =IF($B16="","",COUNTIFS('Номма-ном'!$B:$B,$R$2,'Номма-ном'!$C:$C,$B16,'Номма-ном'!$J:$J,"МЧЖ",'Номма-ном'!$M:$M,">="&Йўриқнома!$C$3,'Номма-ном'!$M:$M,"<="&Йўриқнома!$C$4)) -> 0 | J16: =IF($B16="","",COUNTIFS('Номма-ном'!$B:$B,$R$2,'Номма-ном'!$C:$C,$B16,'Номма-ном'!$J:$J,"МЧЖ",'Номма-ном'!$M:$M,">="&Йўриқнома!$C$3,'Номма-ном'!$M:$M,"<="&Йўриқнома!$C$4,'Номма-ном'!$O:$O,"Ҳа")) -> 0 | K16: =IF($B16="","",COUNTIFS('Номма-ном'!$B:$B,$R$2,'Номма-ном'!$C:$C,$B16,'Номма-ном'!$J:$J,"МЧЖ",'Номма-ном'!$M:$M,Йўриқнома!$C$4)) -> 0 | L16: =IF($B16="","",SUMIFS('Номма-ном'!$R:$R,'Номма-ном'!$B:$B,$R$2,'Номма-ном'!$C:$C,$B16,'Номма-ном'!$J:$J,"МЧЖ",'Номма-ном'!$M:$M,">="&Йўриқнома!$C$3,'Номма-ном'!$M:$M,"<="&Йўриқнома!$C$4)) -> 0 | M16: =IF($B16="","",COUNTIFS('Номма-ном'!$B:$B,$R$2,'Номма-ном'!$C:$C,$B16,'Номма-ном'!$J:$J,"Деҳқон хўжалиги",'Номма-ном'!$M:$M,">="&Йўриқнома!$C$3,'Номма-ном'!$M:$M,"<="&Йўриқнома!$C$4)) -> 0 | N16: =IF($B16="","",COUNTIFS('Номма-ном'!$B:$B,$R$2,'Номма-ном'!$C:$C,$B16,'Номма-ном'!$J:$J,"Деҳқон хўжалиги",'Номма-ном'!$M:$M,">="&Йўриқнома!$C$3,'Номма-ном'!$M:$M,"<="&Йўриқнома!$C$4,'Номма-ном'!$O:$O,"Ҳа")) -> 0 | O16: =IF($B16="","",COUNTIFS('Номма-ном'!$B:$B,$R$2,'Номма-ном'!$C:$C,$B16,'Номма-ном'!$J:$J,"Деҳқон хўжалиги",'Номма-ном'!$M:$M,Йўриқнома!$C$4)) -> 0 | P16: =IF($B16="","",SUMIFS('Номма-ном'!$S:$S,'Номма-ном'!$B:$B,$R$2,'Номма-ном'!$C:$C,$B16,'Номма-ном'!$J:$J,"Деҳқон хўжалиги",'Номма-ном'!$M:$M,">="&Йўриқнома!$C$3,'Номма-ном'!$M:$M,"<="&Йўриқнома!$C$4)) -> 0
A17: =IF(B17="","",11) -> 11 | B17: =IFERROR(IF(INDEX(Маълумотнома!$A:$A,MATCH($R$2,Маълумотнома!$A:$A,0)+10)=$R$2,INDEX(Маълумотнома!$B:$B,MATCH($R$2,Маълумотнома!$A:$A,0)+10),""),"") -> Янгиер шаҳри | C17: =IF($B17="","",F17+I17+M17) -> 8 | D17: =IF($B17="","",G17+J17+N17) -> 1 | E17: =IF($B17="","",H17+K17+O17) -> 0 | F17: =IF($B17="","",COUNTIFS('Номма-ном'!$B:$B,$R$2,'Номма-ном'!$C:$C,$B17,'Номма-ном'!$J:$J,"ЯТТ",'Номма-ном'!$M:$M,">="&Йўриқнома!$C$3,'Номма-ном'!$M:$M,"<="&Йўриқнома!$C$4)) -> 8 | G17: =IF($B17="","",COUNTIFS('Номма-ном'!$B:$B,$R$2,'Номма-ном'!$C:$C,$B17,'Номма-ном'!$J:$J,"ЯТТ",'Номма-ном'!$M:$M,">="&Йўриқнома!$C$3,'Номма-ном'!$M:$M,"<="&Йўриқнома!$C$4,'Номма-ном'!$O:$O,"Ҳа")) -> 1 | H17: =IF($B17="","",COUNTIFS('Номма-ном'!$B:$B,$R$2,'Номма-ном'!$C:$C,$B17,'Номма-ном'!$J:$J,"ЯТТ",'Номма-ном'!$M:$M,Йўриқнома!$C$4)) -> 0 | I17: =IF($B17="","",COUNTIFS('Номма-ном'!$B:$B,$R$2,'Номма-ном'!$C:$C,$B17,'Номма-ном'!$J:$J,"МЧЖ",'Номма-ном'!$M:$M,">="&Йўриқнома!$C$3,'Номма-ном'!$M:$M,"<="&Йўриқнома!$C$4)) -> 0 | J17: =IF($B17="","",COUNTIFS('Номма-ном'!$B:$B,$R$2,'Номма-ном'!$C:$C,$B17,'Номма-ном'!$J:$J,"МЧЖ",'Номма-ном'!$M:$M,">="&Йўриқнома!$C$3,'Номма-ном'!$M:$M,"<="&Йўриқнома!$C$4,'Номма-ном'!$O:$O,"Ҳа")) -> 0 | K17: =IF($B17="","",COUNTIFS('Номма-ном'!$B:$B,$R$2,'Номма-ном'!$C:$C,$B17,'Номма-ном'!$J:$J,"МЧЖ",'Номма-ном'!$M:$M,Йўриқнома!$C$4)) -> 0 | L17: =IF($B17="","",SUMIFS('Номма-ном'!$R:$R,'Номма-ном'!$B:$B,$R$2,'Номма-ном'!$C:$C,$B17,'Номма-ном'!$J:$J,"МЧЖ",'Номма-ном'!$M:$M,">="&Йўриқнома!$C$3,'Номма-ном'!$M:$M,"<="&Йўриқнома!$C$4)) -> 0 | M17: =IF($B17="","",COUNTIFS('Номма-ном'!$B:$B,$R$2,'Номма-ном'!$C:$C,$B17,'Номма-ном'!$J:$J,"Деҳқон хўжалиги",'Номма-ном'!$M:$M,">="&Йўриқнома!$C$3,'Номма-ном'!$M:$M,"<="&Йўриқнома!$C$4)) -> 0 | N17: =IF($B17="","",COUNTIFS('Номма-ном'!$B:$B,$R$2,'Номма-ном'!$C:$C,$B17,'Номма-ном'!$J:$J,"Деҳқон хўжалиги",'Номма-ном'!$M:$M,">="&Йўриқнома!$C$3,'Номма-ном'!$M:$M,"<="&Йўриқнома!$C$4,'Номма-ном'!$O:$O,"Ҳа")) -> 0 | O17: =IF($B17="","",COUNTIFS('Номма-ном'!$B:$B,$R$2,'Номма-ном'!$C:$C,$B17,'Номма-ном'!$J:$J,"Деҳқон хўжалиги",'Номма-ном'!$M:$M,Йўриқнома!$C$4)) -> 0 | P17: =IF($B17="","",SUMIFS('Номма-ном'!$S:$S,'Номма-ном'!$B:$B,$R$2,'Номма-ном'!$C:$C,$B17,'Номма-ном'!$J:$J,"Деҳқон хўжалиги",'Номма-ном'!$M:$M,">="&Йўриқнома!$C$3,'Номма-ном'!$M:$M,"<="&Йўриқнома!$C$4)) -> 0

Sheet Номма-ном
A1: ЯТТ, МЧЖ ва деҳқон хўжалиги ташкил этган фуқароларнинг НОММА-НОМ рўйхати
A2: 1 | B2: 2 | C2: 3 | D2: 4 | E2: 5 | F2: 6 | G2: 7 | H2: 8 | I2: 9 | J2: 10 | K2: 11 | L2: 12 | M2: 13 | N2: 14 | O2: 15 | P2: 16 | Q2: 17 | R2: 18 | S2: 19 | T2: 20 | U2: 21 | V2: 22
A3: № | B3: Вилоят | C3: Туман (шаҳар) | D3: Маҳалла номи | E3: Фамилияси, исми, отасининг исми | F3: ЖШШИР (ПИНФЛ) 14 рақам | G3: Туғилган санаси | H3: Жинси | I3: Телефон рақами | J3: Ташкил этилган шакли | K3: Корхона (хўжалик) номи МЧЖ ва ДХ учун | L3: СТИР (ИНН) 9 рақам | M3: Давлат рўйхатидан ўтган сана | N3: Фаолият соҳаси | O3: Реестрда (Ҳа/Йўқ) | P3: Молиявий кўмак тури | Q3: Ажратилган маблағ (млн сўм) | R3: Яратилган иш ўрни (нафар) | S3: Ер майдони (га) ДХ учун | T3: Маълумот манбаи | U3: Масъул маҳалла банкири | V3: Изоҳ

Sheet Маълумотнома
A1: Вилоят | B1: Туман (шаҳар) | D1: Ташкил этилган шакли | F1: Фаолият соҳаси | H1: Молиявий кўмак | J1: Реестрда | L1: Маълумот манбаи | N1: Вилоятлар | P1: Жинси
A2: Қорақалпоғистон Р. | B2: Амударё | D2: ЯТТ | F2: Савдо | H2: Кредит | J2: Ҳа | L2: Платформа | N2: Қорақалпоғистон Р. | P2: Эркак
A3: Қорақалпоғистон Р. | B3: Беруний | D3: МЧЖ | F3: Хизмат кўрсатиш | H3: Субсидия | J3: Йўқ | L3: Портфел (АБС) | N3: Андижон | P3: Аёл
A4: Қорақалпоғистон Р. | B4: Бўзатов | D4: Деҳқон хўжалиги | F4: Ишлаб чиқариш | H4: Ссуда | L4: Солиқ (my.soliq) | N4: Бухоро
A5: Қорақалпоғистон Р. | B5: Кегейли | F5: Ҳунармандчилик | H5: Ваучер | L5: Маҳалла банкири | N5: Жиззах
A6: Қорақалпоғистон Р. | B6: Қанлиқўл | F6: Иссиқхона | H6: Ўз маблағи | L6: Ҳокимлик / маҳалла | N6: Қашқадарё
A7: Қорақалпоғистон Р. | B7: Қораўзак | F7: Чорвачилик | L7: Бошқа | N7: Навоий
A8: Қорақалпоғистон Р. | B8: Қўнғирот | F8: Паррандачилик | N8: Наманган
A9: Қорақалпоғистон Р. | B9: Мўйноқ | F9: Боғдорчилик / полиз | N9: Самарқанд
A10: Қорақалпоғистон Р. | B10: Нукус тумани | F10: Қурилиш | N10: Сурхондарё
A11: Қорақалпоғистон Р. | B11: Тахиатош тумани | F11: Транспорт | N11: Сирдарё
A12: Қорақалпоғистон Р. | B12: Тахтакўпир | F12: Бошқа | N12: Тошкент
A13: Қорақалпоғистон Р. | B13: Тўрткўл | N13: Фарғона
A14: Қорақалпоғистон Р. | B14: Хўжайли | N14: Хоразм
A15: Қорақалпоғистон Р. | B15: Чимбой | N15: Тошкент ш.
A16: Қорақалпоғистон Р. | B16: Шуманай
A17: Қорақалпоғистон Р. | B17: Элликқалъа
A18: Қорақалпоғистон Р. | B18: Нукус шаҳри
A19: Андижон | B19: Андижон тумани
A20: Андижон | B20: Асака
A21: Андижон | B21: Балиқчи
A22: Андижон | B22: Бўстон
A23: Андижон | B23: Булоқбоши
A24: Андижон | B24: Жалақудуқ
A25: Андижон | B25: Избоскан
A26: Андижон | B26: Марҳамат
A27: Андижон | B27: Олтинкўл
... A209: Тошкент ш. | B209: Яшнобод
